"Sample","20230511_IARPA_ST_TCX_TL_ALL_028_sample 010","20230511_IARPA_ST_TCX_TL_ALL_069_sample 039","20230511_IARPA_ST_TCX_TL_ALL_122_sample 076","20230511_IARPA_ST_TCX_TL_ALL_048_sample 022","20230511_IARPA_ST_TCX_TL_ALL_051_sample 025","20230511_IARPA_ST_TCX_TL_ALL_078_sample 044"
,"1. d1_sham","1. d1_sham","1. d1_sham","2. Pre_sham","2. Pre_sham","2. Pre_sham"
"a1","2.95648293","0.939620098","1.033882568","0.781693889","2.085624712","1.031878815"
"a2","2.210016134","1.28275651","0.702384632","0.873994733","1.36649423","0.8827778"
"a3","3.199880704","1.488030701","0.838508747","1.829097581","2.101791289","1.511142908"
"a4","2.98003036","1.198886638","0.693600688","0.902633624","1.954148212","1.482770352"
"a5","1.197051257","1.304867036","0.645357741","0.639647383","1.237648403","1.025454529"
"a6","3.073569399","0.653909512","0.713069494","0.82732183","1.22495702","0.075520019"
"a7","5.381762052","1.199354657","0.296061023","0.482845284","1.218159565","0.724050247"
"a8","2.034997735","1.074112476","0.133460364","0.924452693","1.366632617","0.818348877"
"a9","2.527050885","1.334483294","0.421199465","0.860214113","1.637006826","1.028542199"
"a10","2.828138245","1.116251315","0.802975222","1.096667105","1.349836587","0.766268612"
"a11","2.3935652","1.273581546","0.620492091","1.430504955","1.853354104","1.277556796"
"a12","6.299107908","0.483855962","0.283474679","0.631051557","0.360166438","0.507915652"
"a13","2.492009666","0.888985777","0.856720929","1.102284631","1.846037114","0.988760638"
"a14","1.538885976","1.451796819","0.668122531","1.353238443","2.239832753","1.164427427"
"a15","1.960137873","1.03472295","0.893753541","1.089094013","1.677195129","1.310166361"
"a16","2.219787973","1.425621783","0.89982754","0.782746287","2.473584246","0.938623335"
"a17","6.357350278","0.18108161","0.250545892","0.243009465","0.739884716","0.246309666"
"a18","1.737472659","0.606248358","0.745782292","0.854709584","0.956963689","0.893305963"
"a19","6.165577997","0.371041349","0.507477466","0.702097418","0.509051825","0.714082707"
"a20","17.95228143","0.063715484","0.108578708","0.117994652","0.117671468","0.099907295"
"a21","9.782439207","0.130345454","0.176131211","0.207217388","0.258038572","0.230545905"
"a22","21.24439487","0.104997479","0.112548263","0.123008737","0.185224526","0.187773688"
"a23","8.75240017","0.289372425","0.326542284","0.351991335","0.293022607","0.20173905"
"a24","8.162882216","0.433123878","0.467218244","0.395130092","0.538129921","0.428623506"
"a25","3.15617134","0.305234241","0.201514833","0.193373441","0.206448371","0.090369889"
"a26","3.782139705","0.615202433","0.592136324","0.59857671","0.546111703","0.351881199"
"a27","2.894390976","0.037524423","0.064201784","0.050556613","0.009621347","0.003091835"
"a28","5.918161781","0.045792231","0.063433979","0.045458369","0.039000818","0.012048455"
"a29","3.606892563","1.500201678","0.860147299","1.692218919","0.724080259","0.898713554"
"a30","8.463759239","1.424205836","0.85055468","1.815570133","1.165926777","0.717700043"
"a31","13.05018011","0.865220739","0.552135916","1.317640762","0.48933353","1.005730838"
"a32","5.850472022","1.282903531","0.682392038","2.022546834","0.539412621","1.169047545"
"a33","12.21101738","1.434943945","0.444126411","0.727725169","0.676587515","0.708147857"
"a34","3.390816232","1.432978372","0.712591331","2.223727359","0.769652572","1.104050192"
"a35","4.865147589","1.423510604","0.098172658","1.20744732","0.738982911","0.562991375"
"a36","1.923293594","0.692328359","1.10082556","0.910957545","1.347111856","0.874143456"
"a37","8.937551025","0.911769034","0.762877787","1.358051719","0.674826715","0.830394735"
"a38","2.887273199","1.208280363","0.736502657","1.129401903","0.807550035","0.837890993"
"a39","3.449878209","1.512634065","0.644215793","1.740390866","1.051639298","1.306123777"
"a40","3.618683643","1.465912933","0.759185459","2.871555598","1.441990916","1.766599314"
"a41","5.420472505","2.004712846","0.526242199","1.522938501","1.013964405","1.033835835"
"a42","6.351267285","1.252642235","0.615902312","0.949137023","0.70473085","0.705948714"
"a43","3.350301743","1.33578535","0.475325546","1.11780609","1.525346793","1.117316609"
"a44","2.891567198","1.276658315","0.509491788","1.651301022","0.809692361","1.69513878"
"a45","4.109579879","1.79992695","0.68991896","3.051830417","1.997573951","1.782107301"
"a46","2.838091631","1.226986426","0.833707483","1.466193439","0.80034275","1.468581673"
"a47","3.635618995","1.467786745","0.462950598","2.724160341","1.641325223","1.240356374"
"a48","3.6460946","1.181890507","0.225979668","1.401418481","2.011773943","1.990227728"
"a49","3.560282574","1.748545437","1.23673871","2.616318808","1.53644398","1.98569004"
"a50","2.571229959","1.639048577","1.02484417","1.4784393","1.181708494","1.434760215"
"a51","3.504641479","2.102968879","0.818496928","3.136375533","1.69322221","1.657690814"
"a52","2.370888645","0.975190057","0.950091542","1.269342893","0.976234615","1.39191527"
"a53","3.111566226","1.68009107","0.304647724","2.555307101","1.34335574","1.504363133"
"a54","6.907459647","0.198963542","0.495339967","0.609337669","0.341709887","0.341386257"
"a55","3.786531164","0.346982675","0.505784953","0.889359001","0.464782134","0.557966224"
"a56","7.737260728","0.29969627","0.352695791","0.527214043","0.205259567","0.277276452"
"a57","10.75019661","0.122645254","0.118119052","0.131325367","0.141724107","0.059710367"
"a58","9.427624991","0.279578652","0.197384634","0.230570257","0.476640127","0.110871417"
"a59","6.048686823","0.300375309","0.157541024","0.139911725","0.185067574","0.07368727"
"a60","5.59347113","1.450566198","0.513590777","0.430212315","0.676780871","0.249849412"
"a61","9.868207073","0.073885944","0.053118389","0.054341592","0.014867037","0.020540986"
"a62","12.4949854","0.079381318","0.089468734","0.128682557","0.092032135","0.012865773"
"a63","2.856483464","0.909417205","0.574489633","0.785687478","1.095659998","0.50649706"
"a64","2.062638045","1.100490069","0.891091719","1.037264733","1.163794295","0.929214902"
"a65","2.546236147","1.081379451","0.847968614","1.090415923","1.219114067","0.891151851"
"a66","5.592501631","0.746095667","0.498838814","0.979875669","0.958019503","0.51445359"
"a67","2.481884372","0.918910823","0.62230322","0.962690622","0.95488768","0.766643022"
"a68","2.241949675","0.874073723","0.552656933","0.841800304","0.978542773","0.523586545"
"a69","2.23172983","1.09374058","0.763473527","0.843266283","0.828555368","0.769515142"
"a70","1.720327715","1.162101204","0.741693222","0.947994931","0.887513557","0.619808774"
"a71","2.322323794","0.955959059","0.703427373","0.827179075","0.91236041","0.772050584"
"a72","2.01754143","1.057198576","0.819608172","0.915983178","1.006515721","0.84746743"
"a73","7.739149247","0.089898131","0.048969047","0.061704882","0.078268639","0.054218755"
"a74","6.713322143","0.385194827","0.249368469","0.289116788","0.406917419","0.236552174"
"a75","2.638509427","1.189211497","0.888399479","1.133985909","1.420210766","0.733652408"
"a76","2.289119227","0.941092082","0.664285492","0.657612766","1.045855518","0.666419793"
"a77","2.193182269","1.087117006","0.612518996","0.873100852","0.871303572","0.70784781"
"a78","2.564146063","0.939285764","0.6105431","0.802163564","0.977009258","0.667638663"
"a79","2.057896045","1.132583185","0.80328227","1.116483286","1.201917757","0.75703005"
"a80","8.00389273","0.298064677","0.422480945","0.561108148","0.506554757","0.383353019"
"a81","7.610624157","0.335946593","0.208080861","0.202382488","0.338353577","0.145036874"
"a82","9.012809386","0.028219054","0.086043327","0.052105761","0.046727325","0.0228548"
"a83","18.7513167","0.078629398","0.101713417","0.1006275","0.120304728","0.105569758"
"a84","11.25274409","0.006069049","0.082825971","0.038847916","0.029881283","0.006114347"
"a85","12.35936101","0.122866958","0.229795115","0.047037456","0.099119712","0.08255753"
"a86","6.754447303","0.576696507","0.517125806","0.870529057","1.014710459","1.059375141"
"a87","2.258438971","0.122369965","1.461845207","0.833513492","1.235338089","0.923969086"
"a88","1.84146984","0.780871304","0.744212492","2.157976721","1.510364649","0.902334531"
"a89","3.959591374","1.055525335","1.541885823","0.460738688","0.506836833","0.276924805"
"a90","4.588371595","0.625629826","0.429317976","0.439815459","0.574051464","0.24780887"
"a91","4.108192587","0.805775356","1.338197429","0.412320491","0.872179429","0.232052797"
"a92","2.638323856","0.646404749","0.763893567","0.521415089","1.170485733","0.399689033"
"a93","2.290738008","1.004396602","2.344687873","0.961903396","0.736618505","0.701342614"
"a94","4.637791022","0.463935806","2.529034522","1.509757943","0.737819907","1.264233425"
"a95","5.797522671","0.603567549","1.152289495","2.330480447","1.841649912","1.03973691"
"a96","5.229012892","0.419278142","1.501596167","2.496603141","1.605144564","1.507495129"
"a97","1.162009202","0.444667231","0.864912741","0.870634749","0.574549602","0.393830536"
"a98","0.162115629","0.43070813","1.075964676","1.345071294","0.467915817","0.341575334"
"a99","1.651559859","1.968291087","0.364171004","2.139582896","0.873595541","0.283546796"
"a100","1.294427784","1.279058544","0.276078178","0.703828283","0.966398317","0.943142187"
"a101","1.960332002","1.507592211","0.461453815","1.004395589","0.754175628","0.726774822"
"a102","2.511571044","0.942076493","0.668023787","0.864953311","0.503628843","1.356567106"
"a103","2.870837212","1.60934575","0.723966821","1.668133392","2.443389379","0.68610049"
"a104","5.815057047","1.264913269","0.602402203","0.868333512","1.492800753","0.656180391"
"a105","4.463426289","0.896319722","0.659401159","0.618026447","1.724582272","0.525936634"
"a106","3.10623353","0.682406214","0.232681645","0.774860213","1.980148301","0.381093357"
"a107","3.822729157","0.961107449","0.454637846","1.032705777","2.265205859","0.83446448"
"a108","4.926909601","0.647228636","0.714336933","0.443065882","2.197439015","1.731494815"
"a109","5.031267024","1.09904382","0.793586939","0.531636298","2.55323403","0.763315466"
"a110","4.987301713","0.961809581","0.069170764","1.450686945","1.745834368","1.029669389"
"a111","5.414711753","0.940377444","0.218079385","1.204961175","1.112328365","0.955887857"
"a112","3.132981158","0.878582315","0.381010999","0.872557181","1.353522644","0.999087373"
"a113","6.890645295","0.477303562","0.685542007","1.552987995","0.89470954","0.401335847"
"a114","4.893748078","0.703012051","0.906700311","1.2854806","0.294702701","0.369050064"
"a115","3.502390711","0.647301848","0.412838339","1.035981652","0.413373142","0.366881202"
"a116","2.726867361","1.507408184","0.227063535","2.441209423","1.135472527","0.739613543"
"a117","2.174586809","1.289567164","1.046025686","7.140164321","1.831153822","0.979515351"
"a118","2.107457754","0.987984709","1.329106636","2.861618365","0.858926344","1.46164778"
"a119","2.02970966","2.023189791","1.533173296","2.083781952","0.942024787","0.780921295"
"a120","2.192371249","1.412373538","0.689637308","2.199031468","1.211649856","0.78890479"
"a121","1.106963114","1.316821097","0.524220666","0.930564104","1.386904088","1.729263378"
"a122","4.226353131","0.714708297","0.286135498","0.701604326","1.25988082","0.387745863"
"a123","0.094208211","0.321258307","0.185602432","0.484351307","0.077538564","0.660733282"
"a124","1.581555223","2.413530081","1.411004189","0.57702416","0.688163981","1.240499857"
"a125","2.146687083","0.95804947","0.834433562","0.738845474","0.994575316","0.953934939"
"a126","1.167729815","0.795651923","0.748724698","0.427715942","0.579039134","2.98075421"
"a127","1.861741479","0.666542514","0.841884095","0.479894901","0.492141417","2.875729761"
"a128","2.078832701","0.909880786","0.244357021","0.485892489","0.792713047","0.91414712"
"a129","1.377457543","0.465570102","0.320855476","0.407135713","0.615800776","0.214883671"
"a130","2.944902366","0.687672618","1.529412893","0.869360441","0.358957599","1.08220845"
"a131","3.624848613","1.186808514","1.27922799","0.953136564","0.55504882","0.740037433"
"a132","2.184396115","1.522518137","0.338263848","0.925654345","0.984987193","1.592369198"
"a133","2.179223649","1.569070169","0.511188495","1.092210211","0.741977891","1.885122097"
"a134","6.449473751","0.333786729","0.149896137","0.46089404","0.284683421","0.14883161"
"a135","4.290092806","0.411572969","0.128457908","0.526668153","0.404673414","0.350344399"
"a136","2.430403413","1.424113696","1.17611214","1.087938515","2.358068854","0.657704121"
"a137","4.351091411","1.745516201","0.609209786","1.202312713","3.12347329","1.213387294"
"a138","2.715929707","1.283766427","0.380495684","1.513007567","1.971728054","1.432253239"
"a139","3.367789096","2.374026528","0.9504417","0.786161994","2.309098573","1.691019201"
"a140","3.378994973","1.794951035","1.017073598","0.719237152","1.98601324","1.128034522"
"a141","3.775052985","1.443769519","1.250692268","1.514989506","1.498496491","1.292671946"
"a142","3.269141526","1.171316903","1.018102881","1.052279509","1.970385804","0.796628811"
"a143","4.55207707","1.184922177","0.62400396","0.689755075","1.339963146","1.047212346"
"a144","2.476943768","1.209410981","0.929816735","0.613800704","1.611623785","0.589635033"
"a145","4.830508513","1.69386897","1.208870096","0.616964761","1.611430159","1.090407134"
"a146","2.423624109","1.122699577","1.262636335","0.903919646","2.28552131","0.848770395"
"a147","2.854053489","1.052817662","1.194191097","1.112933095","1.446185291","0.135170366"
"a148","5.02636012","1.581557781","0.935543215","1.526902602","2.068005064","1.337845012"
"a149","4.484986855","1.69699596","2.744772383","0.373115328","1.301009617","0.161247071"
"a150","3.012831086","3.079811024","0.458886622","1.362686801","2.51688687","1.091114398"
"a151","3.171288655","1.900423956","0.930780643","0.670256049","1.583188326","1.048471841"
"a152","2.96475867","2.210780886","0.664549376","1.111475876","2.789800051","1.091241341"
"a153","1.971034643","3.389858654","0.708144637","1.191014259","2.109708655","1.007401257"
"a154","1.859086733","1.822294468","0.626971693","1.053229683","1.746793486","0.793550436"
"a155","1.789220997","1.74927563","0.481791077","1.106708137","1.285771578","0.890504621"
"a156","2.428348906","2.566425564","0.700204107","1.48174524","2.678398112","1.856682665"
"a157","2.489866216","2.025036884","0.776360172","0.885616478","2.216090442","1.035401569"
"a158","2.509842013","1.878765909","0.685916055","0.848293737","1.803928595","1.045394864"
"a159","2.75595816","1.776809682","0.618964962","0.953646358","1.849173479","1.160058496"
"a160","4.46905559","1.794522235","1.051766807","0.74574615","2.013288381","0.834323217"
"a161","2.782211738","1.855608502","0.821062966","0.905458911","2.127520804","0.948938382"
"a162","3.230868029","1.935458752","0.803506343","0.714610342","1.831320594","1.021103716"
"a163","3.075653549","1.933636519","0.725079636","0.904049005","1.696447675","0.896036583"
"a164","5.14458918","2.07432995","0.926841219","1.024583964","1.856850232","0.968250491"
"a165","4.077232768","1.442964389","0.506925379","0.723797799","1.524187474","0.985104856"
"a166","5.628150545","1.561448599","0.95431709","0.774082061","2.267487561","0.926940881"
"a167","2.477830653","1.859339227","0.794666249","0.839566796","1.790669171","0.693276877"
"a168","2.790812854","2.542968648","0.963291318","0.706276109","2.034650019","1.136711588"
"a169","2.381767093","1.469488037","0.854975253","0.845616727","1.568947648","0.883094038"
"a170","10.649983","1.670127715","0.613271701","1.132321295","1.715241961","0.923914689"
"a171","5.484631554","1.616522709","0.891617418","0.945221409","2.208011748","0.99156387"
"a172","2.854301809","1.454825475","0.980063452","0.689519155","1.831897778","0.983236389"
"a173","1.152634604","0.952505794","0.862530058","0.379394974","1.004392705","0.568491845"
"a174","2.390112115","1.465852999","0.46745623","1.234329407","3.697770592","1.50342772"
"a175","2.504312692","1.199637976","1.075638792","1.265702052","2.103022596","1.568365783"
"a176","5.488891892","2.477520219","0.467545329","0.906791954","2.412095544","1.054154033"
"a177","2.553827926","1.904300841","0.51185137","1.862742123","1.935201397","0.686454645"
"a178","2.94701365","2.494775119","0.839441318","1.208263682","2.986689901","1.186085415"
"a179","3.540087388","1.112498304","1.661058657","0.868672556","2.699810778","1.506341792"
"a180","1.69210108","1.43989756","0.624480266","1.024052093","1.965416998","1.160355977"
"a181","2.595010372","0.94425244","0.632795863","1.05210788","1.490766277","1.073900955"
"a182","3.971074719","2.150644621","1.023837386","2.013327882","2.239521375","0.917373014"
"a183","2.766364991","1.72666597","0.685601091","0.798083572","1.447041617","0.891046025"
"a184","3.781172845","1.367922574","2.819563608","1.367337434","1.490414224","0.658834261"
"a185","3.104353457","2.182653027","0.839928406","0.938140921","2.594502778","1.293426099"
"a186","2.857724521","1.29829837","0.555840904","0.91284524","1.645952216","1.17817883"
"a187","6.054626264","3.16420967","0.665531713","0.925170865","2.572119121","1.228687556"
"a188","2.882134192","2.241366191","0.62882056","0.899159776","1.835983637","1.08759227"
"a189","5.836342719","2.085963707","0.60857778","0.968012623","2.575055124","1.420918697"
"a190","3.327911271","3.51573369","0.562730115","1.152128995","2.216433765","1.310089463"
"a191","5.787107226","1.548203225","0.967301439","0.924112176","2.060208611","1.188089255"
"a192","1.571621216","1.324910097","0.73915055","0.939423552","1.698608642","0.799427716"
"a193","3.737407076","1.626038647","0.795429523","1.167409552","2.114909026","1.137564374"
"a194","9.193223186","2.262254232","0.633689054","1.306390502","4.459694529","1.157892111"
"a195","2.836446173","1.960728709","0.863983708","0.924490371","2.131562487","1.106694675"
"a196","1.896328332","1.302258301","0.77939901","0.915881719","1.677660923","0.461730832"
"a197","2.11404253","1.347865589","0.496425944","0.954517587","1.605694854","1.098112705"
"a198","2.06123214","1.094151376","0.601562185","0.869908996","1.492052728","1.237363166"
"a199","4.144655693","1.886082462","0.929601846","1.128059333","2.500517487","0.859472933"
"a200","1.953019913","1.157277205","0.717918128","0.893161236","1.17560304","0.776234319"
"a201","3.443300503","1.530056178","0.962909657","1.186169725","1.804431332","0.891333682"
"a202","3.142202406","1.793596771","0.838125195","1.055282462","1.736863231","1.348825764"
"a203","2.08676625","1.529992044","0.654072114","0.879754948","1.022052636","0.882104082"
"a204","4.272156503","2.598514805","1.025568851","1.099926727","2.45810248","1.386272142"
"a205","4.909490599","1.866271525","0.854528683","0.849304185","1.722445915","1.029156912"
"a206","2.337438546","1.618521333","0.86400082","0.795535801","0.992773905","0.732832619"
"a207","4.247472111","1.715108788","0.76311916","1.014270889","1.646890273","0.976227197"
"a208","4.658749956","1.758651938","0.83985444","1.018412744","1.676421427","1.035056974"
"a209","3.471197995","1.75550131","0.790978023","1.029098056","1.745515351","1.03483248"
"a210","1.481774623","1.157320879","0.601132836","0.923626536","1.017754561","0.670907122"
"a211","2.525384721","1.440725005","0.967259723","1.071696497","2.057954386","1.217796768"
"a212","2.12763186","1.601813427","0.690052422","0.748526736","1.593134131","0.967792403"
"a213","1.681511788","1.956207806","0.710103722","0.841137403","1.778842024","1.002754629"
"a214","6.6702719","1.965858884","0.577979888","0.76505047","1.584865481","1.423862981"
"a215","2.993196884","0.984473551","1.332413807","0.610661651","1.609901323","0.989847763"
"a216","7.159025165","1.89013978","0.668353532","0.7553177","1.612922877","1.474719538"
"a217","3.12930687","1.675316212","0.636265248","0.674579042","1.573098485","1.15842842"
"a218","1.594129356","1.665560459","0.484931996","0.659561703","1.287829724","1.063856789"
"a219","2.436970154","2.158818634","0.683978961","0.795182109","2.374037001","2.278806141"
"a220","2.803864076","1.795685846","0.587206775","1.081903481","2.570207133","1.9128303"
"a221","1.872876155","1.356637601","0.529556234","0.89788521","1.612180879","1.62952649"
"a222","4.82489206","2.654275493","0.454535088","1.352381825","2.931663802","2.242512955"
"a223","3.908364165","1.263055638","0.497110255","0.809931167","2.277136556","1.36181423"
"a224","2.840274467","2.354755137","0.507826149","1.11186153","2.245772382","1.59949339"
"a225","1.907055514","1.555511298","0.393777656","1.224551903","1.566880592","1.329463425"
"a226","3.420132952","2.04078754","0.581800498","0.799938787","2.808980433","1.771264355"
"a227","2.011750928","1.605380065","0.795802921","1.834410815","2.195515967","2.129586614"
"a228","1.205103631","0.158312089","0.935545813","0.567534803","1.141073503","1.136649951"
"a229","2.594039443","1.935587855","0.207871496","1.763956848","2.517881915","2.532901699"
"a230","4.26556193","1.344752098","0.795322372","1.401399987","2.33464099","1.719188511"
"a231","2.136955775","0.86691903","0.738169431","0.694145837","1.013011831","0.56411707"
"a232","5.678353996","1.765548897","1.029484108","1.237831786","2.077776428","1.665459981"
"a233","3.129347768","1.012097398","1.781407003","0.981340004","2.323229243","1.100994427"
"a234","2.26782028","1.273944436","1.41983397","0.91706603","3.469009859","0.988593955"
"a235","2.720836316","1.457324351","0.678043751","1.009778112","1.23742841","1.385021505"
"a236","2.324288495","1.578374597","0.499823827","1.211192189","1.551658248","1.356108784"
"a237","2.652107289","2.095089255","0.68644041","1.442562062","1.944940043","1.76129685"
"a238","2.992355086","1.559802564","0.728299187","1.156746563","1.377442039","1.281831764"
"a239","3.298186654","1.598369767","0.580390527","0.894651787","0.987040672","1.223907359"
"a240","3.404786259","1.841444673","0.866486871","1.080742477","1.23573339","1.552774616"
"a241","5.236106153","2.751114754","0.602768653","1.506186318","1.772630907","1.862310767"
"a242","5.840562133","5.348005778","0.428088654","1.432918036","3.298952739","2.334080936"
"a243","4.08474794","2.888928866","0.535251461","1.10386689","2.297128573","1.479315941"
"a244","6.106143093","1.728513652","0.73611356","0.823562763","1.711736558","1.218960132"
"a245","1.56492217","1.395682502","1.033362318","0.857467297","1.165536779","1.294597096"
"a246","5.834379117","4.198587726","0.569298122","1.648958844","2.580581268","3.019800915"
"a247","1.242035581","5.202240888","0.799033826","1.487654689","2.03150444","1.905952425"
"a248","1.71130414","2.089731068","0.611929377","0.806804936","1.507440426","1.169482694"
"a249","5.626972598","3.391434173","0.687986946","2.586184822","5.098905421","3.458547068"
"a250","2.712130916","1.803673615","0.442295448","1.217711029","2.539853559","1.144027802"
"a251","1.41232215","1.884221414","0.68549551","0.809052028","1.635452927","1.400845027"
"a252","2.721193379","1.251641316","1.204868567","1.691553263","1.332909211","1.751185937"
"a253","2.550487851","1.545279745","1.547381643","1.154374987","2.087115211","2.319882666"
"a254","2.05959601","0.743330591","0.777375795","1.072997715","1.322373431","1.150183924"
"a255","2.025287485","1.035789589","0.525679701","0.867905665","1.180886563","1.138599492"
"a256","2.239624711","1.091046443","0.57303224","0.867525494","1.37544496","1.08770755"
"a257","4.730334545","1.65789541","0.778272459","0.913179741","1.780655693","1.294439568"
"a258","2.551775112","1.424459393","0.594887846","0.634308258","1.038449056","1.159468234"
"a259","2.69678191","1.089353623","0.487333172","0.747775382","1.02082678","0.952330675"
"a260","3.272234558","2.286813405","0.39244448","1.231740195","2.237489683","1.32555207"
"a261","2.236591806","1.335482958","0.723429348","0.846075343","2.185405023","1.662499507"
"a262","4.009087969","2.052644842","0.545480143","1.131196652","2.862523096","1.608589281"
"a263","1.833850156","1.14278774","0.674370427","0.621003333","1.370531845","0.870577099"
"a264","4.251339528","1.667229853","0.576994362","1.042204152","1.837402182","1.169573921"
"a265","2.627529844","1.321406574","0.713169757","0.699648668","1.263699954","1.014201551"
"a266","1.993652176","1.255810101","0.702087619","0.820097484","1.406452779","0.994618757"
"a267","1.588063018","1.078464817","0.666533893","0.626087047","1.061801965","0.973458393"
"a268","3.203121845","4.587563009","0.37610261","1.208319815","3.321217069","1.420022133"
"a269","3.359389757","2.632818387","0.57208104","0.776449138","3.104724535","1.982608864"
"a270","2.079678592","1.466611836","0.567713914","0.788403908","1.306582218","0.986798697"
"a271","2.54481851","2.085536005","0.702483732","0.783626117","2.531301054","2.087843374"
"a272","1.225954743","1.169633282","0.483136915","0.449487465","1.091766706","0.715413576"
"a273","4.05981106","1.887058181","0.44589634","0.593906314","1.455915159","1.087086944"
"a274","2.227767881","1.833087295","0.574978723","0.967891703","1.773701419","1.328889409"
"a275","2.742149042","1.222476931","0.495811671","0.71379636","1.162907814","1.107868954"
"a276","1.131411936","1.133297783","0.532415371","0.630354208","1.05407705","0.943377592"
"a277","1.042401175","1.039761263","0.333420762","0.750793241","1.114880274","1.215918344"
"a278","1.917961077","1.529255962","0.730440035","0.663870648","0.89552869","0.740358305"
"a279","3.956372222","3.323960038","0.424670388","0.865633473","2.026652125","2.3092865"
"a280","3.129884495","1.361955056","0.626563077","1.017799678","1.487195957","1.446791895"
"a281","1.221393473","1.284389175","0.521028332","1.018660809","1.390125842","1.161570175"
"a282","1.773278162","1.526509107","1.05092445","1.534570994","2.273020101","2.158357557"
"a283","1.212085303","1.120144335","0.596727886","0.95489401","0.926844372","1.244629246"
"a284","2.070390818","1.776797217","0.524947039","0.956468112","1.882151455","1.60785125"
"a285","1.712698753","1.721862347","0.603320393","1.045174694","1.418243398","1.169093192"
"a286","1.722054409","1.900191489","0.437543665","1.230126569","1.175276208","1.44320551"
"a287","1.509098727","1.529993103","0.468806787","0.933309251","0.82725115","1.031930453"
"a288","1.273895697","1.556197079","0.45092679","1.095082034","0.745673331","0.933090482"
"a289","1.601394385","1.054364845","0.344307127","1.040397799","1.031862326","0.462101652"
"a290","4.14416803","1.734473913","0.503731255","0.817710045","0.895389821","1.273471244"
"a291","3.477861373","1.533906103","0.596489312","1.367155251","1.323099179","1.577214301"
"a292","2.584443248","1.439560604","0.581443887","2.250373833","1.177687497","1.459816993"
"a293","3.093892769","2.591435706","1.009056061","2.501986633","3.305568337","2.86537397"
"a294","1.94669868","1.718669619","0.996300286","2.105773857","2.527037897","2.416556644"
"a295","1.933808299","1.418774086","0.6251147","2.02984371","2.046256513","1.80899183"
"a296","2.078102191","1.73988193","0.494232189","1.767400751","2.107154156","2.815407284"
"a297","1.627527945","1.372553513","0.5205093","1.633918958","1.722692277","2.226704909"
"a298","1.643554234","1.822764974","0.391460025","1.237416766","1.799130536","2.241154255"
"a299","2.122422509","1.248652088","0.397419733","1.054022702","1.444852077","1.209317287"
"a300","2.62195767","1.176624255","0.740631524","0.721805893","1.491166555","1.402360784"
"a301","2.42168295","1.505986364","1.144329273","1.402999818","1.609885461","2.424379989"
"a302","2.448755515","1.921125105","0.750488338","2.081441378","3.181019999","3.039789872"
"a303","2.692293782","1.569971363","0.601530542","1.648388388","4.182456752","2.178616012"
"a304","3.876230152","1.194443722","1.201056222","2.563559247","2.376153261","1.43971392"
"a305","2.42197494","2.828185473","0.74033202","1.877365683","2.887082587","2.852969359"
"a306","1.281052368","2.456322091","0.916631444","1.503100585","2.646553559","1.893951574"
"a307","1.78332112","1.517269413","0.667130171","1.025273245","2.073513031","1.627047645"
"a308","1.689765335","2.276565768","0.75008625","2.017471073","3.266145898","2.072719556"
"a309","1.432834459","1.489867167","0.91078019","2.324665684","3.65263682","1.708074599"
"a310","1.673823901","1.577427072","0.552053272","1.836369621","2.64351117","1.384221295"
"a311","2.789354987","2.670638471","1.333646609","4.204454935","3.233397163","2.4570792"
"a312","3.193850183","1.207661962","1.180379793","1.609487331","1.778745172","1.882958877"
"a313","6.24643582","2.658107145","0.55948044","2.369379997","3.830258895","1.903368571"
"a314","3.197272225","1.379599342","0.834914383","0.997847479","1.991399077","1.485481409"
"a315","4.663274687","1.796252581","0.748024772","1.791013777","2.933760313","1.538570798"
"a316","5.381031469","1.363798411","0.544327218","1.459521545","1.952206085","1.081276693"
"a317","4.973732213","2.107746634","0.386498209","1.701648109","2.007140024","1.278746031"
"a318","4.73810041","2.205922892","0.542056133","1.405861142","2.400942583","1.841406576"
"a319","4.606645195","2.849021523","0.716859913","2.035672038","4.162699867","3.095527717"
"a320","6.422760707","1.735323718","0.626543062","0.872842712","2.199791516","1.32519932"
"a321","8.030470986","1.92034734","0.485810061","1.127781526","2.255151531","1.587021291"
"a322","3.722930562","1.274315832","0.599849595","0.721184906","1.415402607","1.252263025"
"a323","5.970998318","2.85881123","0.772956538","1.958682989","3.948662557","2.993954501"
"a324","3.427489774","1.784983962","0.524018916","1.131333567","1.483650183","1.57161478"
"a325","2.861098218","2.282812571","0.862289015","0.629631333","1.501137459","1.342492435"
"a326","3.430872159","2.670030384","1.062057808","1.040468036","2.316327665","2.643720837"
"a327","1.927063575","1.635139981","0.707193462","0.961757103","1.871467189","1.501918958"
"a328","3.268674113","2.581602548","0.785962425","1.275531574","2.940748007","2.164247048"
"a329","4.12433005","2.293611305","0.279391049","0.661087374","3.453749593","0.849354337"
"a330","3.108198732","2.805120665","1.023904758","1.36697716","1.804507601","2.4542758"
"a331","2.734710156","2.701140498","0.760063748","1.460341414","1.632134536","2.099148476"
"a332","3.289973796","1.432968883","0.599816107","1.095418775","1.827651822","1.678963475"
"a333","1.155507061","1.301850401","0.445151521","1.254709272","0.975133391","1.05457765"
"a334","2.348478201","1.496127708","0.608086185","0.734371983","1.681979036","0.996797913"
"a335","2.523128604","1.098884211","0.645879028","0.607035456","1.351160129","0.856240169"
"a336","2.037841562","1.122493113","0.700029059","0.540070607","1.203997471","0.939341029"
"a337","3.282299152","2.03306654","0.566104914","0.798314851","1.85582052","1.237156941"
"a338","2.87798433","1.332143935","0.735070483","0.725956075","1.579822887","1.165596468"
"a339","3.544142089","1.125113454","0.621830105","0.78472225","1.221238951","1.439405273"
"a340","3.497007287","0.856614232","0.507864092","0.566265687","1.010722308","0.841819902"
"a341","3.325054921","0.948522457","0.565580929","0.540307455","1.207054981","0.808597601"
"a342","1.609293354","0.922445435","0.5873692","0.476462961","1.06700621","0.773186985"
"a343","4.294701563","2.210491062","0.619994519","1.307523967","1.713969849","1.276431579"
"a344","2.798732829","1.209651566","0.664356001","0.797193228","1.62949905","1.046344549"
"a345","2.344179078","0.905653398","0.693172515","0.744015816","1.481979504","0.943454371"
"a346","2.260331407","1.04777202","0.603506848","1.195794274","1.72622579","1.053513199"
"a347","3.515052248","1.225592451","0.348661529","1.51273028","2.428368641","1.644755828"
"a348","0.92571021","1.16409612","0.55778767","0.601113174","1.046933909","0.864706006"
"a349","2.510130598","0.951866214","0.414969188","0.580199678","1.14216547","0.887153615"
"a350","1.540614237","1.408851239","0.405703244","0.539301087","1.347645551","0.957988863"
"a351","1.746581495","2.341809195","0.395133176","1.024789394","2.396231115","1.34833336"
"a352","2.958418341","2.035489054","0.406335138","0.825529742","2.695613285","1.476559301"
"a353","2.47817228","1.016761435","0.476173767","0.860974608","2.217909714","0.901924099"
"a354","1.747846683","1.443471518","0.531867797","0.798607437","1.640750768","1.212909168"
"a355","2.277533679","1.593265877","0.60177779","1.517771083","1.360620799","1.767392985"
"a356","3.345304746","1.495401931","0.504537712","1.132433602","2.654445579","1.423575212"
"a357","2.216457272","1.237246215","0.510370845","1.223925431","1.425022504","1.388667291"
"a358","1.333750521","1.406732648","0.546206006","0.976486771","1.67841048","1.187291632"
"a359","1.096036299","1.453995488","0.573738376","0.692762147","1.466314019","0.918232183"
"a360","0.5845811","1.46653332","0.502204439","0.692559917","1.191884167","1.154952561"
"a361","1.986564734","1.512208708","0.37368898","0.887703826","1.78694165","1.871687892"
"a362","2.411856835","0.819415826","0.564848098","0.841094632","1.352697276","0.786059738"
"a363","1.639570083","1.044531299","0.596050981","0.895107985","1.408823129","1.419462355"
"a364","1.701802765","1.195732458","0.529238668","1.497800163","1.439987077","2.635628836"
"a365","2.076083536","1.879393308","0.53861049","1.543378216","1.751562771","2.767104209"
"a366","1.548890052","1.154418504","0.555444251","1.28742041","1.134976766","2.391441046"
"a367","3.174686424","1.352411346","0.566584145","1.916975662","1.740795179","3.021745177"
"a368","2.806950014","1.871415646","0.890460565","2.074715748","1.88054952","3.451543669"
"a369","1.666544151","1.189359104","0.734584203","1.081144436","1.13481015","1.542213138"
"a370","1.326168897","1.06819761","0.581766187","0.783740364","1.052841082","1.102703045"
"a371","1.760428509","1.527845108","0.475879527","1.222762112","1.169583471","1.538894598"
"a372","2.533433511","1.162316992","0.558402318","1.301017632","2.169855645","1.10089638"
"a373","2.282571052","0.766969522","0.561929329","0.741899994","1.069220271","1.503888242"
"a374","2.670447858","0.741950438","0.572540278","1.568534808","1.368914452","2.101729559"
"a375","2.105487683","0.834296579","0.655565062","1.566644694","1.516826275","2.784691874"
"a376","2.725488996","1.495008232","1.019532769","1.76089768","2.576449303","3.227555054"
"a377","2.436073837","1.342138889","0.82720679","1.311495014","1.46803958","2.720765099"
"a378","1.93062666","0.851324951","0.706293051","0.8485617","1.142773365","1.660355454"
"a379","2.515722528","1.506658097","0.877836013","0.96772412","1.740500852","2.331644385"
"a380","1.785299487","0.973991363","0.961196299","1.448461112","1.553622703","1.390277712"
"a381","1.253792788","0.943392103","0.763780904","0.956333714","0.909608607","0.994182481"
"a382","1.145246244","1.534448037","0.782526918","0.90645915","1.55686707","1.667176977"
"a383","0.63976154","1.895994063","0.73631697","1.343873849","2.010727195","1.777314241"
"a384","0.926694726","1.202014679","1.136543101","1.553018058","2.065397733","1.711449235"
"a385","1.626510305","1.287587953","1.183048426","1.562733612","1.545259631","1.675249822"
"a386","1.905950874","1.338153006","0.884702084","2.053006535","2.169041392","2.394666927"
"a387","1.814808135","1.742613012","0.550977922","2.920504838","1.602848256","2.091345769"
"a388","2.195241911","1.236565087","0.748372824","1.087404178","1.348083653","2.102122097"
"a389","1.738555876","1.809400237","0.590031987","1.246384602","1.439173547","2.609440157"
"a390","0.774344985","1.156034468","1.300754223","1.662970694","1.407688152","1.903557707"
"a391","1.212495816","0.942996947","1.373060216","1.366718822","1.310098459","2.05179802"
"a392","1.285867339","0.770648278","0.948816629","1.007602318","2.17829642","2.758997391"
"a393","3.12065855","1.227181379","0.687392814","2.74833782","2.638940221","2.282518089"
"a394","2.84012354","1.159286068","0.68717565","1.005963515","2.161893054","1.553835889"
"a395","2.584803806","2.005953784","0.686854784","1.844505168","2.708232845","3.046988362"
"a396","1.904063809","1.157115773","0.706903224","1.241160974","1.842791814","1.80060049"
"a397","2.21134497","2.822540988","0.700740754","1.4401213","2.358705215","4.202744451"
"a398","3.459306688","2.473449394","0.565023671","1.682859952","2.171904658","1.778417866"
"a399","3.111783027","1.803185013","0.883742798","1.906763454","1.796872718","2.098300763"
"a400","5.475972986","1.263503953","0.702812944","1.056333856","2.146890286","1.293025878"
"a401","5.979687985","2.653233655","0.366986676","1.380385281","1.853066376","1.366245477"
"a402","3.214733549","3.441719879","0.659089271","1.307454809","1.563958737","1.723015847"
"a403","6.202111232","2.308682037","0.433724459","1.886413868","2.030362526","2.017537741"
"a404","2.616467552","1.418924718","0.495028048","1.378902254","2.288387852","2.194021949"
"a405","4.225700466","1.577036171","0.715943614","1.996200899","3.309469244","2.930115279"
"a406","2.684290558","1.821910889","0.700076505","1.444352784","2.400660849","2.598413047"
"a407","3.731442641","1.848665356","0.706012455","1.806274462","2.217927302","2.164863702"
"a408","4.10171789","2.594242247","1.031477795","1.731415355","2.664802418","3.594834754"
"a409","2.750995852","1.057806542","0.788499604","1.693235364","2.171017461","3.203847365"
"a410","5.362667567","2.632440397","0.776141856","2.83540003","4.515081575","3.819116054"
"a411","2.090800479","2.840929112","0.925031602","1.300668536","3.341985628","2.335091319"
"a412","2.312935009","1.281046297","0.908259197","0.75384796","2.593179656","1.077692483"
"a413","2.69886688","1.404875084","0.845631636","0.788460749","2.043703819","0.941350915"
"a414","1.566444441","2.034960459","0.726846875","0.7906604","2.80310425","0.875139143"
"a415","2.659960027","1.846576224","0.546712746","0.517067523","1.56143533","0.707606835"
"a416","3.609631991","2.221581272","0.541585625","0.846918415","2.144734036","1.093632886"
"a417","2.520130818","1.289224195","0.695954376","0.600796342","1.518899594","0.938117164"
"a418","2.555368098","2.531362072","0.872099193","0.95193202","2.238512669","1.609845455"
"a419","2.944803871","1.410801857","0.626454721","1.018488973","1.718456221","1.346763963"
"a420","4.051949106","1.091008119","0.474344488","0.801625946","1.760510243","1.131361652"
"a421","1.645889748","0.891556635","0.662149453","0.840625391","2.009589804","1.023591234"
"a422","2.932859235","1.249473423","0.586373959","2.307243181","3.137987435","1.835474901"
"a423","3.693974423","0.707712749","0.663748351","0.641927441","1.655648194","0.888423491"
"a424","3.727050444","0.799749091","0.660629057","0.687101549","1.639691481","0.739459591"
"a425","2.77241311","1.429982265","0.606328876","2.167807407","2.091041524","1.104739284"
"a426","2.699146719","1.314095389","0.63370006","1.710102594","1.578454634","1.216751515"
"a427","3.65263626","1.674184074","0.471785414","1.003378525","1.575005898","0.921257947"
"a428","3.377567426","1.864516622","0.487387728","0.96686847","1.400095969","1.007309546"
"a429","2.867682529","2.28170409","0.672783805","0.94233329","1.673513809","1.744955339"
"a430","4.765681492","1.457528874","0.711184991","0.863090378","1.513681921","1.502779553"
"a431","3.755831404","1.221085107","0.684136651","0.910730067","1.41190541","1.231404355"
"a432","3.200176548","1.87667837","0.678283942","1.827186794","1.677002343","2.354655412"
"a433","2.717315063","1.620093159","0.808568951","1.323898193","2.069853276","2.785087629"
"a434","2.915827664","1.092854026","0.601137586","1.611716002","2.344545259","1.329147654"
"a435","2.766098739","1.20756798","0.588746606","2.022120311","1.995271961","3.847266857"
"a436","2.151486677","0.96955412","0.588381032","1.912212873","2.202851753","3.101969703"
"a437","1.510241338","0.985059676","0.563271085","1.441954702","1.788233721","1.786880737"
"a438","1.586027269","1.614313172","0.550122422","1.429021928","2.107776827","2.194312622"
"a439","1.490429685","0.862152734","0.458046835","1.082579541","1.397042715","1.05856538"
"a440","1.666734726","1.049592653","0.548202078","1.089250562","1.474748774","1.372524333"
"a441","2.234761968","1.50104873","0.796494344","1.998216985","2.0321235","2.301537393"
"a442","1.664208211","1.41469713","0.579770357","1.501786397","2.148824665","1.934061357"
"a443","1.439130603","1.349421157","0.764089844","1.979583571","1.821286379","1.890189069"
"a444","1.507934329","1.580076768","0.780278126","1.577897385","1.778679128","2.00559202"
"a445","1.014549775","1.11530304","0.497900857","0.929924938","1.160587046","2.265051254"
"a446","1.189246065","0.708992784","0.669009764","0.933823613","1.151298585","1.617365368"
"a447","0.914556232","0.843650407","0.53864522","0.697038637","1.21746801","1.611609872"
"a448","2.027588168","1.539225703","0.639048282","0.886283094","1.514909948","1.736710758"
"a449","1.680549811","1.083038977","0.670570315","0.705598665","1.414606046","1.519816137"
"a450","1.062571955","1.104655303","0.533952818","0.552867937","1.016788053","1.383699029"
"a451","1.418057275","1.15885114","0.574389187","0.983784223","1.518739511","2.290033659"
"a452","2.286052453","1.416765466","0.689512782","0.711483884","1.597378083","1.035120832"
"a453","1.646239151","1.547447186","0.439967094","0.7475292","1.566062477","2.030460673"
"a454","2.950203406","2.107423107","0.733905194","1.885189487","2.068329566","2.45675907"
"a455","4.04957668","1.933733724","0.573892146","2.658718448","1.735663501","3.007630202"
"a456","2.361680094","0.85124395","0.78042574","1.642382346","1.887279146","1.732186507"
"a457","3.966275828","1.179594322","0.814062611","1.517591553","1.923275164","2.837803457"
"a458","2.136264505","0.74710006","0.650334758","1.093031521","0.736457983","1.510082426"
"a459","2.062539843","0.567361387","0.567811311","0.671972642","1.043150103","1.021202857"
"a460","2.236322317","0.565093761","0.476360254","1.476267103","1.061600045","0.701189271"
"a461","2.465175725","0.561293909","0.708783515","1.316420117","1.270614182","0.684623799"
"a462","2.898360335","0.567456253","0.754743759","1.492524485","0.927957333","0.649212636"
"a463","3.113137804","1.052460458","1.153332984","2.006300718","2.626721163","0.572453248"
"a464","1.868595368","0.968609114","0.962105672","1.575282752","1.827532859","1.408724127"
"a465","3.092251446","1.268265447","1.111890078","1.501812735","2.337963192","1.061094254"
"a466","2.135525709","1.194574821","1.096329676","3.556094621","2.658228969","1.716816397"
"a467","2.317514556","1.062562988","0.867743648","1.83412266","1.669287424","1.282697529"
"a468","2.410010397","1.637223835","0.707516128","1.312363207","2.727545944","2.331772225"
"a469","7.21466136","1.235273771","0.608711421","1.051371295","2.701169969","1.777386895"
"a470","2.048237795","0.458899099","0.572229204","0.76325464","1.525674772","1.418154992"
"a471","1.824177788","0.940709175","0.560746947","0.675375942","0.209978289","0.975072096"
"a472","1.957966224","0.787661129","0.998469711","1.337597785","1.843346357","1.632120497"
"a473","4.37336085","1.609062302","1.058367933","2.286558332","3.474037871","1.938387598"
"a474","5.024114932","1.552935619","0.925632031","1.039567877","2.537361918","1.120748548"
"a475","4.148121203","2.244593361","1.106180345","1.314850747","2.607691734","1.645761844"
"a476","1.875364555","0.879502235","1.223751288","0.917580043","1.698359659","1.01358803"
"a477","4.075806316","2.626624418","0.885389283","1.66419429","2.99002174","1.780503299"
"a478","4.609802676","2.975074256","0.611218815","1.234602942","3.198259539","1.8532825"
"a479","4.829562626","2.063403309","0.679745576","0.601060386","1.598125998","1.169384606"
"a480","3.211536281","2.154973647","0.283511791","0.737626631","1.89116817","1.509010374"
"a481","2.394446476","3.188780934","0.411976741","1.192912556","2.559616013","1.510955995"
"a482","2.35247855","2.037248616","0.602416538","1.067759322","1.459914664","1.758224954"
"a483","2.315583186","1.76870019","0.438460557","0.92114307","1.576403022","2.878486779"
"a484","2.50848238","2.107986833","0.765959124","0.848095489","2.752149726","3.365258351"
"a485","2.36157041","1.752241987","0.596826702","0.611911604","1.775104142","3.418802941"
"a486","2.556639805","1.423658787","0.49979953","0.375228016","1.587077718","0.962361464"
"a487","2.456410235","1.261917909","0.627610128","0.420463782","1.130328384","1.552796929"
"a488","1.20351162","2.527950591","0.671367535","0.572503401","0.671489479","2.930625158"
"a489","1.513504819","2.092420762","0.551012818","1.150744019","1.541389241","2.841515691"
"a490","2.148475949","1.109589312","0.481817772","1.888103096","0.926954031","1.946209615"
"a491","1.664926539","1.109339649","0.558078748","1.93431114","1.448670859","2.487617385"
"a492","2.278122285","1.652609076","0.385562811","1.529712464","1.331078923","4.087458276"
"a493","1.82168751","1.349756878","0.443345801","0.947379499","1.79885292","2.569470149"
"a494","3.204671631","1.010844476","0.461086139","1.783616496","1.82671843","2.600125473"
"a495","2.13234485","0.933344141","0.699538215","1.272734234","1.450636977","1.416664593"
"a496","2.193094919","0.917588129","0.482964948","1.445275426","1.559630373","2.303114664"
"a497","2.161446891","0.683323562","0.51763805","1.637868661","3.639497382","2.226989923"
"a498","2.224245896","0.668132008","0.564175511","1.65192307","4.636206728","3.442404496"
"a499","2.747805158","0.829206318","0.442338016","3.335435667","4.288539799","3.802081339"
"a500","1.967798785","0.893824742","0.551679532","2.08331748","2.830250302","1.919136551"
"a501","2.538351591","1.607549157","0.718602111","1.374000519","2.133723378","1.728140435"
"a502","4.18624377","1.204241471","0.546699123","1.872453371","3.505746943","2.035532411"
"a503","2.448211784","0.990262645","0.652111324","1.303946994","2.55546817","1.176422846"
"a504","1.643660752","0.953877088","0.672729409","0.880304909","3.343889204","1.374717447"
"a505","1.217173126","1.473566525","0.594746442","1.102878185","2.864862843","1.618099867"
"a506","1.868332692","1.669210878","0.768641767","1.552061075","2.89636783","2.788771373"
"a507","3.317681898","2.162793635","0.602027153","1.713541649","3.884752845","2.375317272"
"a508","2.438071808","2.272832126","0.754373329","2.025186547","2.87601813","1.761340045"
"a509","3.171221192","1.27689978","0.484563787","0.911693162","2.677160753","1.509685451"
"a510","0.727488903","1.033803107","0.60403085","0.562953191","2.782414886","0.664065547"
"a511","1.183954393","1.35113615","0.978836419","1.298561365","1.936029234","1.772668564"
"a512","3.013350463","2.37615131","1.021630416","1.723297501","2.262574306","2.701726583"
"a513","1.374506016","2.217474728","0.642135468","1.416295246","2.266287106","1.899130985"
"a514","2.214380425","1.339860419","0.937126471","1.030881987","1.438235127","1.841133936"
"a515","2.233162258","1.424953129","1.248652586","1.069263573","1.68198804","1.809830016"
"a516","0.222386417","1.100683798","1.789328118","0.734102537","1.763599153","1.112001937"
"a517","2.867777037","0.993831242","1.026082625","0.986916239","1.937753284","1.30607213"
"a518","0.033004593","1.744528895","0.537816261","1.040190225","1.848621401","0.918007055"
"a519","0.956592264","1.434692252","0.689550469","1.145313615","2.159149251","1.207249829"
"a520","1.282628721","0.917859373","0.890148153","0.871620135","0.793892354","0.923372602"
"a521","0.296192811","0.411062243","1.250999626","0.806736164","0.66668167","1.354237556"
"a522","0.936315522","1.029325632","1.218794692","1.125410923","1.746214501","1.36941243"
"a523","5.439887202","0.82807711","0.713970269","0.621122344","0.774477203","0.521336056"
"a524","0.846334023","1.033042317","1.167593352","1.391075094","0.643969889","0.966717964"
"a525","1.224133842","0.993350603","1.183716456","1.181550707","1.767475331","1.403945488"
"a526","1.613797031","0.813979686","0.755324889","0.710809122","0.659512768","0.826503267"
"a527","1.196112453","1.071160757","0.999005125","0.825245943","0.671528622","0.993086655"
"a528","1.413196085","1.235430909","0.869797366","1.10584787","0.038772543","1.093021015"
"a529","1.036669721","0.557158901","1.771454201","1.23690365","1.029239211","0.71747389"
"a530","1.273990175","0.666948839","1.088221311","0.836573979","0.294156053","0.732205431"
"a531","1.764536357","1.386081433","0.891200095","0.89624027","0.764438888","1.230009273"
"a532","1.158983634","1.018844098","1.084669645","0.815545964","0.703822856","1.089420334"
"a533","1.095046447","0.880917818","1.565384796","1.028215411","0.809475454","1.199182961"
"a534","1.022390825","0.850905998","1.143267658","0.995298197","0.214553585","0.85215809"
"a535","1.500622902","1.452915694","2.00899173","1.454402845","1.237973958","2.335251168"
"a536","1.592129686","1.75974643","1.783136633","1.682424152","0.902964779","1.772876431"
"a537","1.444890101","0.487353655","1.733626847","0.88762685","0.14812821","0.398967323"
"a538","3.863487808","0.569196868","0.105489648","0.119347494","0.161179426","0.210031754"
"a539","8.217962122","1.036780414","0.538306362","0.642833632","1.587158744","0.662109643"
"a540","3.624699115","1.483533435","0.809945261","1.108390098","1.032427855","0.83667028"
"a541","1.979249931","1.583467737","0.611785037","0.907962472","0.688518084","0.712328748"
"a542","12.06360458","0.688358808","0.422507855","0.693022567","0.78013761","0.438498543"
"a543","3.838337231","1.36691019","1.43226059","1.239513813","0.734347479","0.37880777"
"a544","2.641391098","1.477325426","1.228232866","1.457376508","0.751477042","0.420760781"
"a545","6.175010941","0.841207629","0.742548825","0.794435183","0.704816347","0.611096122"
"a546","2.813848779","1.304509191","0.623412737","0.940580612","0.978449602","0.505425424"
"a547","7.175131834","1.450005562","0.549085604","2.637588055","1.558791971","0.104211667"
"a548","3.921142169","1.072248081","1.445433901","0.758560499","1.191284974","0.714121545"
"a549","2.621964538","1.259500785","0.560583116","0.882248598","1.139247569","0.619111969"
"a550","1.637021153","0.970068886","1.314283846","0.750550841","1.033432126","0.644088269"
"a551","2.812248661","0.855555841","0.693771388","0.627890081","1.233764247","0.352263007"
"a552","2.387111834","0.983346911","1.08538174","1.41363755","1.573803132","0.752120902"
"a553","1.94314287","1.329954209","1.140952821","1.423453816","1.782669785","0.625930197"
"a554","21.07040458","1.749963971","0.49143835","0.853828674","1.160423199","0.978733031"
"a555","35.27724044","0.519500682","0.7143534","0.836848275","0.154447063","0.413603466"
"a556","2.010892274","1.049172677","0.845691128","0.744041358","0.936931042","1.033135081"
"a557","8.380944669","0.877594129","0.47741291","0.573984613","1.026501867","0.642723021"
"a558","1.572500037","0.724130822","1.458399167","0.205623984","1.00276589","0.652663056"
"a559","7.343230234","0.895994236","0.720789729","0.410855026","0.500694137","0.697289692"
"a560","6.447850505","0.802601503","0.592654785","0.606820717","0.562991519","0.675456132"
"a561","1.962385491","0.922539477","0.490216119","0.427340747","0.330909534","0.748605675"
"a562","2.491611675","0.150329465","0.339891052","0.296396926","0.597156747","0.579060999"
"a563","5.840743655","0.465004666","0.201262357","0.270900709","0.214089784","0.267724524"
"a564","7.610429375","0.467760579","0.103087854","0.165693527","0.173106626","0.117854346"
"a565","12.7332277","0.380382827","0.346572372","0.27172376","0.260906809","0.240479136"
"a566","2.686599229","0.537905318","1.188078631","0.867910219","0.600367864","0.908348316"
"a567","2.970724535","0.529003628","1.461070859","0.811422914","1.271626719","0.839922244"
"a568","2.646582657","0.287066096","0.806478056","0.768141802","0.649946096","0.237602142"
"a569","4.791008849","0.309415442","0.219948178","0.247769934","0.489622326","0.23170434"
"a570","1.546877685","0.750193453","0.540080027","0.615449906","0.743812672","0.394244876"
"a571","4.312485866","0.421940685","0.283995221","0.355583733","0.270669021","0.125415754"
"a572","2.023807652","0.627218008","0.950229662","1.266637595","1.611289489","0.795162928"
"a573","3.136103601","0.568661565","0.621330209","0.727550177","0.60731237","0.529938436"
"a574","1.818892581","1.362137749","0.592790807","1.252629178","1.468792375","1.007898281"
"a575","1.756242387","1.16109342","0.754622388","1.176107176","1.427377316","0.754498373"
"a576","1.290229954","1.455207783","0.636221781","1.467864023","1.58841743","0.280963261"
"a577","2.518583582","1.872867088","0.579195263","0.926520314","1.427687865","1.36107091"
"a578","1.43153699","0.83821185","0.764882452","1.052293056","1.271730675","0.681166868"
"a579","1.861398488","0.914181863","0.440585968","1.01647595","1.03170212","0.801973351"
"a580","1.558263929","0.765543337","0.8232287","0.461101418","0.880620111","0.610811975"
"a581","1.21435933","0.898267867","0.851586475","0.684056476","1.687394868","0.524003389"
"a582","1.025180869","0.74808269","0.657210944","0.430030856","0.678364225","0.596638241"
"a583","0.822064489","1.249949798","1.190607625","1.022492855","0.971007212","0.851991106"
"a584","0.860327472","1.285721912","0.95865399","1.228007414","1.235477424","1.187015582"
"a585","1.933815077","0.745320814","0.853646213","0.960647155","0.56374973","1.069514554"
"a586","0.123335627","1.173538485","0.976673677","0.81747984","0.433802528","1.514845255"
"a587","1.042380344","1.400178655","3.299925722","0.992003738","0.304307706","2.719684752"
"a588","1.514378602","1.39031432","1.500962438","1.392595344","1.044473395","1.096709597"
"a589","1.007651035","2.271204521","1.562629995","1.629498684","1.761532049","1.933842984"
"a590","1.054580626","1.330469479","0.737631054","1.201075117","1.090766456","1.752169837"
"a591","1.589131297","1.34846129","0.812741133","1.391369446","1.075006397","0.474772623"
"a592","0.838081201","0.890198261","1.540314072","0.567722728","0.90980862","0.928813336"
"a593","1.080937804","1.035115712","1.090349689","1.126543763","0.918065732","1.099179893"
"a594","0.719299544","0.847758576","0.584584545","0.843768905","0.750000004","0.503301318"
"a595","1.139030153","0.616062994","0.986203823","1.595714469","1.411539051","0.547471277"
"a596","1.652281838","0.741741427","1.227383327","1.19269822","1.138177991","0.794959858"
"a597","1.668782866","0.916085482","1.22227822","1.4822324","1.2465522","0.838664594"
"a598","1.079388169","0.657343571","0.808078074","0.675782161","0.91648065","0.548778777"
"a599","0.992049297","0.949952898","0.318027311","1.548965119","0.946987566","0.509995498"
"a600","1.488382652","1.190913307","0.7695149","1.928935648","1.320905011","0.570144474"
"a601","1.320837417","1.220834702","1.039306842","1.430396993","1.167689515","1.189538171"
"a602","1.342997325","0.894687185","1.330990517","1.33623186","0.972563829","0.40855627"
"a603","2.402820739","0.751498896","0.625229144","0.559021947","0.928421501","0.461529121"
"a604","1.661264483","0.309313133","0.597670565","0.486678917","0.404841718","0.249919249"
"a605","1.431277143","1.524313147","0.372928871","1.393079552","1.125005927","0.998368207"
"a606","1.734553813","1.074586074","0.846856319","0.402452198","0.676215684","0.52211356"
"a607","2.139180878","1.133218304","1.22762387","0.677896078","0.743880554","0.365826058"
"a608","1.542177851","1.192607542","1.226940778","1.348286032","1.032491384","0.594612515"
"a609","1.781539508","0.871303248","0.674845147","0.62297079","0.781304767","0.560795706"
"a610","2.242665824","0.772520141","0.470921151","1.17704947","0.869028916","0.620767079"
"a611","1.131817191","1.074778216","1.078830133","1.625696852","1.13922683","0.561720228"
"a612","2.103452119","1.272811958","0.920798274","0.979178602","0.819066527","0.546461968"
"a613","1.269056976","0.724237917","0.863056879","0.556924428","0.889811167","0.389108435"
"a614","1.628934513","1.079836241","1.135020543","0.785030136","1.191686672","0.544852513"
"a615","0.810446591","0.945398508","1.33461231","0.985344122","1.221492616","0.410619684"
"a616","1.427950494","0.892642151","1.41661356","1.184287226","1.956138166","0.854686972"
"a617","0.784854261","0.565810481","2.585505848","1.902054233","1.726394283","0.896501913"
"a618","1.549408581","0.955355552","0.929889772","1.216468118","1.122105088","0.790260265"
"a619","1.328397542","1.310723576","1.468048759","1.491018532","0.923499569","0.628936064"
"a620","1.708929505","1.283229876","0.249662554","1.616261735","1.092147441","0.942814668"
"a621","1.140646101","0.971610082","0.443520166","0.644692326","1.060477608","1.131777909"
"a622","1.849363208","0.985666766","1.079944099","0.940028416","0.746915901","0.826679535"
"a623","0.990663898","1.02474221","2.198782611","1.006384736","0.797063359","1.131529804"
"a624","1.246880637","0.685177176","0.317974586","0.851814611","0.887410455","0.246016597"
"a625","1.851715278","0.929233394","0.381909047","1.236276051","1.502375119","0.686933285"
"a626","1.459636668","0.706036993","0.327062476","0.625209338","1.292889693","0.45620326"
"a627","1.887206881","0.933455581","0.390325261","0.522501871","1.059810425","0.721769618"
"a628","1.42021752","0.830199035","0.430208514","0.665541617","0.928674622","0.861086688"
"a629","1.272809292","1.013376319","1.889491673","1.092971017","0.923105439","1.540840134"
"a630","0.063131689","1.276376348","1.32620034","1.022180959","0.973385516","0.515324507"
"a631","1.439049982","1.116949192","1.414182753","1.419934459","1.429391378","2.065236485"
"a632","1.47595338","1.18270194","0.716727529","1.750507133","1.493337404","0.953364483"
"a633","1.561483799","1.243871847","0.174430285","1.416411857","1.201746517","1.989177588"
"a634","1.966205374","0.833161559","0.722066314","0.736561919","0.694848544","0.913482895"
"a635","1.411090794","1.071270207","1.727073887","0.954596273","1.061723319","1.406708933"
"a636","1.834321664","0.537006544","0.201364829","0.400007069","0.7265127","0.386768587"
"a637","2.406675391","1.059663744","0.561318448","0.974171942","0.69462404","0.463937905"
"a638","2.120130588","0.650780234","0.338589932","0.597790454","0.768944171","0.363505046"
"a639","2.042958683","0.584264615","0.417316598","0.464361891","0.717623576","0.532882804"
"a640","1.021320568","0.623777972","0.26709449","0.487864959","0.658117341","0.505686286"
"a641","1.054859028","1.130582477","1.443003251","1.073772212","0.944578879","1.515096671"
"a642","1.475875659","0.366254174","0.816677845","0.865503255","0.729995162","0.470489262"
"a643","1.260353117","1.078950605","0.87800655","1.254637277","1.3260382","2.118409008"
"a644","1.383363481","1.079207604","0.692056332","2.376287228","1.323502883","0.667926376"
"a645","1.371518116","0.93763365","0.313100675","1.045636187","0.859392403","0.680524908"
"a646","0.801451703","0.698411695","1.702435017","0.777505734","0.709660882","0.36448293"
"a647","1.107143487","0.422639409","1.006679924","0.312869949","0.403707592","0.332092238"
"a648","1.128361778","0.738579998","0.42886608","1.20915977","1.155155413","0.74806863"
"a649","1.16274688","1.046609287","0.469453883","0.986553272","1.176595999","0.638431092"
"a650","0.662011969","0.931091016","0.886621041","0.954559048","0.977823556","1.034160893"
"a651","0.776583579","0.522079498","0.467169206","0.435510235","0.720079928","0.451646825"
"a652","0.909586036","0.939413814","0.924178877","0.972242949","0.72410488","0.767924"
"a653","1.01649436","0.876588313","1.868742319","1.210315793","1.285739817","0.971372561"
"a654","1.006202061","0.730294043","0.847349914","1.233452987","1.05294857","0.609784663"
"a655","0.724873451","0.73442933","0.347156327","0.413717103","0.854969806","0.292549462"
"a656","0.783804302","1.04924838","0.791934006","0.978322254","0.97069983","0.661876398"
"a657","1.160919731","0.911976682","0.777265075","1.672420101","1.294797799","0.98830134"
"a658","0.851208385","1.160911705","0.737913219","1.55046968","1.394892092","1.009197238"
"a659","1.191241448","0.390229918","0.570042829","0.337531098","0.783206137","0.514329462"
"a660","1.350465264","0.690205213","0.567806835","0.373237776","0.79789327","0.41531044"
"a661","1.150646917","0.675362343","0.520544022","0.411614863","0.713999113","0.274265673"
"a662","1.048225743","1.024475805","0.756863785","1.23076736","1.075554014","0.477609909"
"a663","1.158227811","1.59291905","1.475613474","2.041024504","1.826353396","0.786929566"
"a664","2.079998464","1.549197896","0.894707142","1.099401948","1.033639174","1.740126741"
"a665","1.450745413","0.996212444","0.983867625","0.906321451","1.460353155","1.180830042"
"a666","1.804955663","0.874963054","0.793941988","0.590641913","1.361344359","0.681393298"
"a667","1.281436151","0.651455183","0.62574059","0.382332429","0.72686209","0.252288062"
"a668","1.15125063","0.997737043","1.121177354","0.9561578","0.917249388","0.695602041"
"a669","1.200627056","1.20237877","0.867234011","0.795189724","1.199226647","0.828385221"
"a670","2.053871493","1.654204915","0.864169721","1.503504904","1.941920835","0.592465644"
"a671","1.479186301","1.807128042","1.718152734","0.74083742","1.547630466","0.823920963"
"a672","1.353058009","0.592484084","0.4979438","0.362990023","0.414232464","0.346374247"
"a673","0.72979454","0.790249395","1.075825555","0.691179898","0.777757199","0.726152514"
"a674","0.860528114","0.737891171","1.189483513","0.961823396","1.347979113","0.914381417"
"a675","1.561732381","0.985464417","0.91538897","1.194768639","1.383793718","0.546560033"
"a676","0.853940584","0.735445506","1.847664188","0.773774205","0.78680886","0.561880812"
"a677","0.826164439","1.167016212","1.728545499","0.989894282","0.891423766","1.33661048"
"a678","0.663662559","1.228509583","0.606716684","1.106903972","1.196666906","0.668396588"
"a679","0.669753752","0.977873386","0.803964821","0.835333357","1.084924882","0.988252271"
"a680","0.456397949","0.883697044","1.240930092","1.252721436","0.930474864","1.038318919"
"a681","0.713487253","1.069346652","0.793009198","0.999355655","1.028924257","1.627202112"
"a682","1.311758427","0.658979103","0.765594741","0.891544844","0.870147155","1.493847195"
"a683","0.848981654","1.010775371","1.037909948","1.517758772","1.804812417","1.391849828"
"a684","0.878271799","1.096319076","1.007267423","1.326167089","1.229109748","1.052114116"
"a685","1.113952982","0.66573595","1.325884631","1.446064272","2.443035178","1.543477616"
"a686","1.942073783","1.123275829","0.655511414","0.769188017","2.301933324","1.38385028"
"a687","2.505133312","1.077640026","0.769100453","0.80578168","1.417253393","0.926997675"
"a688","10.93301461","0.456114617","0.338231064","0.106815699","0.986930346","0.372305201"
"a689","2.368921282","1.947424296","1.289031358","0.846569155","0.821149348","0.844062039"
"a690","1.975908402","1.251096592","0.966370127","0.814664299","1.241869404","0.86044184"
"a691","4.29275025","1.110342347","0.844377182","1.037605081","1.405641999","0.776108337"
"a692","2.212272543","0.718033364","1.145338129","1.520714319","1.506936491","0.895669439"
"a693","3.572382606","1.157027169","0.834772573","0.754119709","1.483738978","0.987795055"
"a694","4.620212746","1.03395149","0.786586155","0.969113937","2.028325999","0.928556945"
"a695","5.280997459","0.557975541","1.105264462","0.658958259","1.805110649","0.550403493"
"a696","3.436245021","0.503765565","0.37806774","1.083282091","2.149650602","0.789079596"
"a697","2.522036234","1.243131247","1.062917726","2.247167549","1.500328917","1.820260659"
"a698","2.085810776","0.651784561","1.149787277","2.300714654","1.526315724","2.410722632"
"a699","1.602272502","1.211605739","0.690357268","0.431582009","1.63084656","0.120291766"
"a700","5.155870962","0.951164338","0.403987684","0.263009505","0.743448987","0.151161179"
"a701","5.97316274","2.004368821","0.193261006","0.316757687","0.526722133","1.513322005"
"a702","2.405895093","1.001313461","0.608773405","0.646907444","0.552676844","1.101809967"
"a703","1.338404776","0.684673294","0.114256533","0.468544183","0.122138091","0.292746175"
"a704","0.838789458","0.829318774","1.248561866","0.929307398","1.668095923","1.072533426"
"a705","2.282283709","1.228793137","0.940914232","1.337683392","0.581546438","1.055825502"
"a706","2.347477319","1.209083959","0.574780825","1.314729343","2.164856434","0.914615379"
"a707","1.246367189","0.744477222","0.837539226","1.062415102","1.143155698","0.980527825"
"a708","0.929598532","0.974901086","0.830137189","1.239319613","0.916511898","1.071258378"
"a709","1.88920899","1.990616472","0.391772915","1.24910956","0.894552184","0.496471041"
"a710","2.213414255","1.647825065","0.248531771","1.167932888","0.925159746","0.986946643"
"a711","0.792572895","1.604598927","0.477491884","0.593405329","0.951618855","1.012359942"
"a712","0.823744964","1.101506479","1.390405162","1.349935389","1.394770999","1.050937045"
"a713","1.356007228","0.614006445","0.813728172","0.546888655","1.66538374","1.307385761"
"a714","1.888790375","0.534040381","0.233016576","0.356359087","0.648424568","0.604742632"
"a715","0.900798637","1.010422265","0.780111952","0.873631984","1.143600218","0.523653809"
"a716","0.835932178","0.639081707","0.445277346","0.875574769","0.881364242","0.409560384"
"a717","1.509827063","1.034514044","0.079123466","0.458115903","0.089142446","1.479664493"
"a718","0.809352238","0.437695558","0.319000022","0.548779247","0.738756283","1.283501716"
"a719","1.65910553","0.684238688","0.529332553","0.793422788","0.412476469","1.60474611"
"a720","0.739617631","0.850353279","0.65775179","0.560666545","0.763441011","0.891947065"
"a721","0.506094036","0.88147063","1.144044818","0.838921193","0.987786061","0.538445373"
"a722","0.187219758","1.209459814","0.150231906","0.64957001","1.227269086","0.45368964"
"a723","0.807478462","1.316012536","2.002357443","1.113947077","0.942371699","1.885960887"
"a724","0.815953604","1.798515715","0.774953426","1.239406837","1.050501069","3.082336165"
"a725","0.445991966","0.85401917","1.374593627","0.631650244","0.653856748","1.12285192"
"a726","1.269238429","1.272875414","0.641340192","0.771053864","1.126830818","0.823874789"
"a727","1.237396774","0.843142308","0.795391279","0.701364761","0.876587927","1.185405835"
"a728","0.762391902","2.042573058","0.135462283","1.457868242","0.866053493","1.609499023"
"a729","2.688901291","1.965453625","0.896365187","2.254305001","1.733409335","0.937387604"
"a730","8.593631986","1.616928744","1.582139748","1.469111216","3.090100066","0.82523428"
"a731","4.453423451","1.032424213","1.703914543","1.213935548","1.467221939","0.97549985"
"a732","0.68958538","0.724828441","0.721906307","0.72433344","1.061485691","1.351896841"
"a733","1.517354249","0.761891385","0.345091374","0.768601486","0.773469051","0.962551017"
"a734","1.58640985","1.015154175","0.550219613","1.560374157","1.307497126","0.927107937"
"a735","2.106441305","0.625008587","0.36346954","1.165195089","1.160118584","0.700997221"
"a736","2.19009422","0.670503392","0.444380518","0.9663201","1.100631983","0.704509453"
"a737","0.752391131","0.817375725","0.445348951","0.499233597","0.820996419","0.664935134"
"a738","0.83011693","0.524867129","0.192529067","0.146345193","0.569075305","0.17460407"
"a739","1.062047257","1.246923726","0.707050679","0.682041674","1.385563114","1.056910945"
"a740","1.901264253","0.733748452","0.609981054","0.422982636","0.904741533","0.42030822"
"a741","2.030838272","0.547660202","0.472464831","0.20023102","0.57956735","0.503531473"
"a742","0.98926741","0.764993918","0.541929326","0.372437723","0.916074409","0.332867416"
"a743","0.792387291","1.335362035","0.250827538","0.724886195","1.002738813","0.944411277"
"a744","3.086991695","0.74635222","0.43194007","0.435964745","0.836595781","0.735173174"
"a745","1.14518542","1.344106353","0.39273995","1.031369689","0.894161772","0.8752921"
"a746","0.893424107","1.304546079","1.244747882","0.903653596","0.953993809","1.288557635"
"a747","0.953846121","0.958371551","1.351903514","0.795772964","0.888596996","0.621740642"
"a748","4.424612067","0.921529831","0.16761214","0.683990258","0.64439596","0.997134752"
"a749","2.270344363","1.278786823","0.335727686","0.401037783","0.789501517","1.443573159"
"a750","3.710734921","0.738058222","0.284789573","0.497034747","0.491915642","0.317470623"
"a751","4.762677331","1.304330655","1.738155905","3.463069771","1.384917439","1.011515498"
"a752","4.384908998","0.523111569","0.585291488","1.074690764","0.486605472","0.562099221"
"a753","0.907252684","0.539573669","0.689233241","0.359483918","0.640846924","0.348463"
"a754","0.534086057","0.858813106","0.42915121","0.834012508","0.812211945","0.540165405"
"a755","0.555196461","0.963961761","0.799892418","1.079083174","0.714575254","0.393438762"
"a756","0.750741279","1.191430091","1.231096639","0.709880094","0.510732986","0.833230688"
"a757","0.534349752","1.116884366","0.740340404","0.547787144","0.344181252","0.436351567"
"a758","1.177684635","0.793392088","1.854477654","0.627926167","1.721068601","0.504009379"
"a759","1.158902497","0.519313326","0.603059852","0.473054844","0.635503076","0.268718043"
"a760","0.79777803","0.643811497","0.808659294","0.903027431","0.815430407","1.190129487"
"a761","0.828938315","0.855099245","0.367199409","0.955596582","1.069864578","1.174965262"
"a762","0.943763191","0.729709686","0.907257837","1.056839716","0.796697736","0.68910937"
"a763","0.722432677","1.692927104","1.468920263","0.931895353","1.764075937","0.245361049"
"a764","0.566885595","0.607553493","0.308712081","0.235793188","0.795595681","1.395251876"
"a765","0.985293663","0.783977656","0.414738601","0.580556599","0.988595847","0.660644144"
"a766","1.010467166","0.875974779","0.760348295","1.001168734","1.005930178","1.407981132"
"a767","1.574953471","1.488766861","0.827795849","1.518005964","1.926402048","1.680240413"
"a768","1.548725314","1.084344518","0.618705918","1.259772695","1.242501074","1.275013069"
"a769","2.655221335","0.857502685","0.195855433","0.365984327","1.265600523","1.255099247"
"a770","2.565671145","0.72347533","0.31585794","0.561594395","1.426034085","0.784669166"
"a771","1.744741371","0.536800077","0.424061063","0.421547858","0.734689171","0.491346348"
"a772","1.303616231","0.839935774","0.991469446","0.964077573","1.052560488","0.989824866"
"a773","1.305009528","1.612940729","1.190375693","1.187720395","1.750422976","2.840484536"
"a774","1.451399415","1.072844869","0.568746085","1.210814387","1.534494088","1.134352772"
"a775","1.070559777","0.327082708","0.165030006","0.664198626","1.168730765","2.471344318"
"a776","2.072925113","0.63358295","0.530658483","0.461260406","0.827452558","0.614940075"
"a777","1.154325046","0.529341586","1.334806849","0.357130761","0.737131756","0.47546777"
"a778","0.711070155","1.038023532","1.038298012","0.860910943","0.998632084","0.976699631"
"a779","0.948095126","0.955370631","1.598137494","0.829074467","1.305818728","1.063380634"
"a780","0.796728116","0.785184355","1.082603427","0.733055557","1.115824017","0.697378412"
"a781","0.795187234","0.606954905","0.91204205","1.03145415","0.809842319","0.511979607"
"a782","0.703850026","1.007243247","1.048655502","0.821656643","1.084299756","1.146973929"
"a783","0.583242788","0.463347058","0.446890632","0.54059497","0.982694201","1.21990236"
"a784","0.572474031","0.733400387","0.565807717","1.155134596","1.362285497","1.241387352"
"a785","1.211032971","0.952157355","0.90408258","0.971185514","1.254226523","0.935535542"
"a786","0.242495599","0.924376009","0.7364639","1.330134021","0.685654594","2.08910308"
"a787","0.852453949","0.846988184","2.185198796","1.005018664","0.864441098","1.359016585"
"a788","0.635628618","0.994760434","1.61193623","1.026365121","0.838639508","0.798853306"
"a789","4.801727548","0.373217074","0.364972359","0.276339032","0.866212563","0.415137189"
"a790","2.205026842","0.828787385","0.214503083","0.14576948","0.680602558","0.909605931"
"a791","2.840159554","0.797230033","0.494650714","1.073663964","0.673557968","0.574028113"
"a792","1.203606591","0.511493556","0.644797396","0.670266281","0.334627295","0.60885708"
"a793","3.268348046","0.843140865","0.246954157","0.521300304","0.736481861","0.699813105"
"a794","2.591055663","0.761616043","0.791641791","0.682770427","0.816361748","0.650574476"
"a795","1.717455608","0.510523062","0.383091647","0.59691037","0.690463493","0.591777724"
"a796","1.205974516","0.658866268","0.587112921","0.87231731","0.950228296","1.606031571"
"a797","1.06492458","0.996586308","0.664433888","0.944119361","0.946497664","2.428996723"
"a798","1.11920141","0.991035628","0.629924974","1.723622564","1.037414418","1.420973906"
"a799","1.727696426","0.905832401","0.864002404","1.121665386","0.957862844","1.439386478"
"a800","1.699029136","0.98024393","0.67646108","1.193894188","1.390385456","0.920595898"
"a801","1.417024409","1.432661122","1.225554253","0.651876655","0.621191692","1.663602493"
"a802","3.352563528","0.583926575","0.504864172","0.782011155","0.535983724","0.703102727"
"a803","1.387444165","0.685980179","0.593150841","0.942654318","0.805386254","0.982037489"
"a804","1.131772276","0.897703403","0.794571752","0.925496034","0.71770345","0.856663263"
"a805","2.519240646","0.756363646","0.53355072","0.312685638","1.397863815","1.005298438"
"a806","2.161040381","0.791296307","0.691202766","0.506355408","0.817816837","0.783804757"
"a807","1.704663349","0.624253253","0.586437967","0.417399076","0.718589067","0.645847298"
"a808","1.141787104","0.592185253","1.395798601","0.57002336","0.981021352","0.849938704"
"a809","1.38161759","0.62154437","1.966701935","0.744626583","0.960131152","0.885086058"
"a810","1.339112813","0.78506409","1.427569757","1.153452274","0.925225256","1.838563074"
"a811","1.19571994","1.21859129","0.966963658","1.472868592","1.278960584","1.246482171"
"a812","1.130843454","1.85295366","0.399441498","1.532494235","1.414164448","0.870324662"
"a813","4.519362612","0.672721511","0.322332975","0.486993043","0.915939955","0.451666588"
"a814","8.499342049","0.326985624","0.168780177","0.272432647","0.419767831","0.155227793"
"a815","5.018668084","0.650906021","0.292695384","0.72570738","1.085087931","0.58931679"
"a816","5.845520028","0.490072898","0.229532948","0.45184339","0.799313914","0.36064514"
"a817","3.468286793","0.672923158","0.587504613","1.416996847","0.991988002","0.21411493"
"a818","3.908848664","0.828756387","0.516950511","1.147110926","0.959015556","0.417072657"
"a819","7.147841047","1.184593848","0.8664421","1.113147096","1.013476331","0.390790681"
"a820","5.728174021","1.02288301","0.488095106","1.28638213","0.866886475","0.648603269"
"a821","6.622549257","0.77876541","1.757459578","1.841635735","1.604518274","0.570374812"
"a822","1.32997386","1.25755263","1.100385553","0.961556997","1.130577169","0.915713742"
"a823","2.033036597","0.89319507","0.450909808","1.149684025","0.779212335","0.718597136"
"a824","7.552719451","0.500364784","0.205696871","0.401927552","0.454327058","0.327184741"
"a825","15.89606953","0.980046883","0.12375263","1.031279256","0.919098081","0.685926097"
"a826","2.629901025","0.976049185","0.457984657","1.160312582","1.034454894","0.75333563"
"a827","2.078501328","0.921430128","0.511696327","1.253029054","0.922312688","0.788335788"
"a828","1.903350293","0.880095905","0.587252255","1.204125076","1.004242333","0.870010073"
"a829","8.791831519","0.924909255","0.803742318","1.186675816","0.879288949","0.703095997"
"a830","2.55148171","0.998305252","0.635073293","1.485283237","0.977112093","1.051035844"
"a831","1.686710068","1.020007291","0.631913722","1.503133325","1.031846414","1.058790619"
"a832","2.403829543","0.833187361","0.532633544","0.587532594","0.854792539","0.623480926"
"a833","1.480687917","1.13704928","0.924088257","0.984223303","0.914013947","0.936894227"
"a834","1.915921503","1.242860568","0.92369022","1.067519458","1.255335772","0.899412252"
"a835","2.199079019","1.040905017","0.744696924","0.75692583","1.301397318","0.837972004"
"a836","7.651233927","0.453376201","0.219833729","0.424735325","0.607252704","0.306309086"
"a837","6.364132382","0.638464693","0.338476159","0.470185353","0.771688665","0.385687456"
"a838","5.9691621","0.272280018","0.137750503","0.264777992","0.322634882","0.196792201"
"a839","3.931990291","0.683981302","0.655726636","0.748989927","0.598869029","0.583166665"
"a840","5.318729072","0.445114796","0.432194108","0.553547877","0.650480505","0.420610517"
"a841","5.378859335","0.419992193","0.198464417","0.401077918","0.465718837","0.25147677"
"a842","3.01271153","0.738844172","0.534551798","0.629915446","0.54481273","0.518356366"
"a843","11.23097883","1.531014826","0.242882278","1.141210907","0.775676887","0.21726959"
"a844","4.56968228","1.197402085","0.372310381","1.528394756","0.826331248","0.662742787"
"a845","2.749980749","1.340760422","1.055788727","1.603289384","1.236561088","0.920786507"
"a846","4.808884268","0.90853361","0.543962209","0.777529646","0.783993422","0.60830732"
"a847","4.128973104","1.122714106","0.55717108","0.883817833","0.775419099","0.710545437"
"a848","1.913772722","1.258692008","1.227307853","1.237494238","0.965312744","0.958106933"
"a849","5.192485978","0.989098427","0.558036374","1.027854996","0.722703707","0.646968643"
"a850","3.034419966","1.191307144","0.864245622","1.070943913","0.82248873","0.785579704"
"a851","3.215091785","1.094595066","0.580625343","0.646948699","0.935591636","0.651165426"
"a852","2.274650175","1.451909061","0.948450056","1.416410276","1.652771564","1.214807303"
"a853","3.086691184","1.744808439","1.288819517","1.484511602","1.452387581","1.01275097"
"a854","2.417363821","1.372655053","0.764328995","1.376709591","1.664731896","1.378180785"
"a855","1.553422351","0.937731202","0.348695225","0.996855331","0.783089741","0.622706166"
"a856","1.019015952","0.888339115","0.42623192","1.119292812","0.782476588","0.569042674"
"a857","1.047976957","0.466034546","0.35498582","0.716864538","0.738177218","0.395903088"
"a858","8.159192594","0.419190348","0.370452809","0.439637846","0.780785587","0.372396175"
"a859","3.347002239","0.650884647","0.704779068","0.736092804","0.89961504","0.639534497"
"a860","2.075997591","0.00497072","0.472541935","1.002182403","1.171892813","0.865211499"
"a861","1.486308682","1.148508474","0.38540963","0.950263186","0.439776428","0.837084118"
"a862","1.624569627","1.296312388","0.833193739","1.017398946","1.560227705","1.10480662"
"a863","1.343744142","1.407091952","0.686574916","1.336093065","1.568100394","1.243312497"
"a864","1.735072706","1.693252762","0.684533964","1.241975229","1.493547954","0.817928362"
"a865","1.038313128","0.652119559","0.475115654","0.954322565","0.614264512","0.597773974"
"a866","0.805213434","0.112061891","0.179909254","0.578985195","0.415196918","0.374195975"
"a867","1.863070269","0.730466785","0.582536278","0.671861586","1.104331589","0.555778992"
"a868","1.74885906","0.734561552","0.40994283","0.741805511","1.113101155","0.558091966"
"a869","0.850648123","0.606938289","0.449431137","0.548703449","0.567186132","0.447215935"
"a870","1.364833022","0.97744503","0.613929032","1.104941829","1.679715402","0.824502497"
"a871","1.074949413","1.172249889","0.622343433","1.508485268","2.0776628","1.373145202"
"a872","1.41515574","0.890568291","0.836825043","1.176969216","1.708535119","0.806657337"
"a873","2.409907539","3.869957169","0.734467738","4.263778972","10.48591729","0.612384556"
"a874","1.000606707","0.420874628","0.18311907","0.188477553","1.189785343","0.614947259"
"a875","2.54591298","1.197362701","0.222433614","0.996115875","1.556520324","0.974292468"
"a876","3.860581177","1.700228932","0.389757335","0.567899611","1.586656445","0.998678848"
"a877","1.953419021","0.954354903","0.488480964","0.411866817","1.012345523","0.517694441"
"a878","1.38593827","0.934123009","0.420525204","0.282978521","0.931201915","0.501662443"
"a879","0.897201961","0.808491872","0.549986259","0.492680913","0.946269657","0.652409764"
"a880","1.169902909","0.60885671","0.364807974","0.330411232","0.582162891","0.385572375"
"a881","0.730465811","0.619637798","0.489237296","0.720776065","0.673693552","0.607601831"
"a882","1.282700429","1.19101625","0.523126088","0.849696155","1.211924394","0.666309086"
"a883","0.847420905","0.786043916","0.547007486","1.092410516","0.643868673","0.586071997"
"a884","0.984558678","1.029652686","0.897391209","1.364259754","1.248764395","1.078639502"
"a885","1.246642151","1.575631215","0.730060293","1.30771165","1.537527518","1.363186185"
"a886","1.462794684","1.609073863","0.691493816","1.185460445","1.257416126","1.196446969"
"a887","1.560008589","1.435557685","0.653212953","1.187721382","1.138050363","0.80989063"
"a888","1.681524732","0.614797777","0.208745549","6.39964252","10.07339277","2.65480795"
"a889","3.000066494","0.679642241","0.195967483","2.954623264","6.936425014","1.377698586"
"a890","3.108994753","0.708366874","0.170473645","3.301725931","5.869289186","1.339498321"
"a891","3.322166183","0.804055584","0.150708144","3.776603278","6.233556812","1.620030835"
"a892","7.635440676","0.660556404","0.116134394","1.811473269","4.724944053","1.423049756"
"a893","7.175311745","0.892672899","0.143186697","2.208482452","2.653822909","1.175168229"
"a894","8.573845115","1.129196012","0.16311406","2.011073163","3.690555757","2.055721247"
"a895","6.332146877","0.929485214","0.224497223","1.703759164","3.331391584","0.704884876"
"a896","29.15643753","1.358705131","0.340086564","0.938042306","5.021499225","1.33537493"
"a897","45.95773954","0.879035","0.063653244","0.422549799","1.951888563","0.53980728"
"a898","13.24854934","0.74071389","0.081912563","0.664122504","1.530256707","0.519046516"
"a899","8.93186013","0.974487491","0.285079484","1.753698475","2.376386839","1.62120318"
"a900","0.36962055","0.447689853","1.322821047","0.77088677","1.390388915","0.125883799"
"a901","0.545788311","0.453054433","1.271340091","0.993160329","1.103248471","0.406056261"
"a902","4.611241114","0.944319982","0.723608387","0.144394177","0.866300122","0.722481889"
"a903","2.092901332","0.727485091","0.528085107","0.582429851","0.676159777","0.57091817"
"a904","2.204413068","0.082829366","0.873522827","0.132921908","1.400087366","0.945438544"
"a905","1.671487394","0.149271281","0.651404283","0.529016207","0.679843028","0.364227515"
"a906","0.945967942","0.719752239","0.68417614","0.483350877","0.71727706","0.270441459"
"a907","0.789670511","0.795329964","0.894703209","0.946706489","0.930920106","0.974348228"
"a908","0.662926535","0.96683277","0.940108365","1.509917904","1.201367942","0.90961263"
"a909","2.332508879","1.887078162","0.344721858","0.626586446","1.042177348","0.679542361"
"a910","0.225901062","0.765012836","1.514639963","1.853736245","2.042577666","0.084541792"
"a911","0.569033268","0.615755467","1.016329422","1.00453757","0.856842","0.672405766"
"a912","1.401239538","0.546799374","0.494772093","0.512764998","0.537385131","1.464833557"
"a913","2.44863208","1.113715559","1.242743989","0.517616595","0.474427459","0.510100291"
"a914","0.737803291","0.176755086","0.618147697","0.64262228","1.090067481","0.525607948"
"a915","0.363822968","0.554463505","1.112901649","0.742700585","1.269221671","1.329200041"
"a916","0.451112734","1.494859254","0.203878235","1.248894879","1.789346423","1.40367213"
"a917","1.775366941","1.058312976","0.260307932","0.837525733","1.430545779","0.57553171"
"a918","1.648347321","0.74547441","1.044372463","0.64056738","1.055291111","0.587161636"
"a919","0.493335407","0.702763826","0.690041546","1.323123257","0.768377063","0.899920581"
"a920","0.504200099","0.680628607","0.720819229","1.000955522","1.087572595","0.91798535"
"a921","0.519636387","1.156107694","1.062911362","0.983612678","0.926526657","0.977575499"
"a922","1.618046252","1.398311061","1.881751322","1.640462837","1.743014194","0.629931943"
"a923","0.484695667","0.912997246","1.085401024","1.213739554","1.153185999","0.726715695"
"a924","0.880607867","1.016911793","0.993233593","0.872638065","0.623297704","0.792372985"
"a925","0.774388395","1.070397901","1.151934525","0.859245308","1.121091169","1.238720291"
"a926","0.676250533","1.045517045","1.189744347","0.790424967","0.893134129","1.383185256"
"a927","2.568472719","0.633142721","1.39482849","1.846279787","2.323315897","1.816944198"
"a928","12.13142362","0.323855501","1.008291041","1.22202148","1.701804233","1.894919314"
"a929","1.717304141","1.271940154","0.368357136","1.026556099","2.509843045","1.19794769"
"a930","0.747040582","0.482952294","0.754389941","0.538335026","0.80900468","1.328605377"
"a931","1.81253708","1.125648224","0.771702637","1.001551407","1.376466038","1.184103145"
"a932","0.703472702","0.962529947","4.949552686","1.273616057","0.613382378","0.866444677"
"a933","1.112495251","0.68256358","2.433605934","0.91110233","1.572846437","0.828244002"
"a934","0.943595916","0.734410626","1.681682653","0.252213768","1.118681724","0.816690869"
"a935","1.315419101","0.763376488","0.895787608","0.25694234","0.561641089","0.47190519"
"a936","4.089314868","1.368093296","1.045526158","0.778253559","1.207757853","0.558426075"
"a937","1.759046488","0.781833652","1.000262004","0.725669109","0.892214694","1.165626681"
"a938","1.255466181","1.314459323","0.69504502","1.231866497","0.838693525","1.323850997"
"a939","0.418079286","1.128599283","0.460362702","1.129175196","1.130052503","1.991817648"
"a940","2.42137856","1.037790542","1.020986418","0.55894795","0.671702894","0.688491278"
"a941","0.669635546","1.137290469","0.971674055","0.577077315","0.598649711","0.900347304"
"a942","2.475060557","0.81297044","0.5372365","0.845541629","1.009058006","0.472226845"
"a943","0.51343692","0.986536323","1.00299117","0.394799151","0.699062","0.732048131"
"a944","0.388798971","0.908430193","0.61723846","0.862341345","0.957741095","0.872204159"
"a945","0.431402119","1.017067354","0.708114113","0.837548256","0.857414278","1.742005383"
"a946","0.562467032","1.120709174","0.948656643","0.742062079","1.746683058","1.639239207"
"a947","1.630034327","1.564842731","1.04932217","1.262020714","1.385341009","0.578906825"
"a948","0.772305679","1.188275141","0.575124203","1.120105016","0.877656048","1.078991452"
"a949","2.372599105","1.447321509","0.525850838","1.285838293","1.093202678","0.842027482"
"a950","0.658431801","1.106473941","1.560289791","0.725184841","1.298425006","1.135659996"
"a951","0.770383606","0.882352474","0.914405822","0.92092609","0.854774795","1.058118798"
"a952","1.964701566","0.724176463","0.803010854","0.941225143","0.72922869","0.608483862"
"a953","1.070621933","0.654090206","0.343360494","0.525072662","0.685619784","0.12244759"
"a954","0.464633103","0.942262205","0.732499952","0.818486872","0.866961722","1.155977325"
"a955","0.349024947","1.01436827","0.723849431","1.713364826","1.217712918","1.08555412"
"a956","0.902681661","1.085037702","0.929482512","1.466345827","1.228315501","0.707632687"
"a957","1.726937674","1.279502301","0.372001032","1.570729269","1.619350407","0.398779829"
"a958","0.775918867","1.126316797","2.492162224","0.76898096","0.842180007","1.013382934"
"a959","1.008780017","0.487540738","0.377230872","0.398041602","0.602241872","0.395501379"
"a960","0.458343495","0.908420924","0.735213354","0.975819122","0.936865205","1.108784182"
"a961","0.639847398","0.939730749","0.947712093","1.14264385","1.048069403","0.841050508"
"a962","0.813070499","0.870307412","1.777174846","1.511492224","1.216415379","0.912026957"
"a963","0.722762015","0.714133631","1.03445487","1.251380287","1.111321014","0.143245776"
"a964","1.650880241","1.102516013","0.762904286","0.553096479","1.09463658","0.719249147"
"a965","0.850244426","0.46097478","0.643048562","0.31485182","0.694379151","0.510552857"
"a966","0.298163329","0.956999333","1.184092252","1.110587543","1.228419177","0.646158392"
"a967","0.586647345","1.130470772","1.946794455","0.865629785","0.930111294","0.593221037"
"a968","0.470354983","0.945215819","1.267062071","0.575575442","0.995515291","0.801053606"
"a969","1.025735494","1.577486217","0.939247985","1.185090003","1.070157101","1.285260572"
"a970","0.834711748","1.439131319","1.132897866","1.031500935","0.913557885","1.167694331"
"a971","2.350323501","0.323103023","0.728755411","0.426009705","0.623139875","0.215066892"
"a972","2.206324834","0.689523749","0.560535901","0.096727597","0.675008629","0.320999473"
"a973","0.920044406","0.507592258","0.327303679","0.44395716","0.730205959","0.495167126"
"a974","0.812777617","0.768346873","0.88736581","0.794059896","1.170835203","1.339164362"
"a975","1.582979183","1.432239133","0.698366801","1.558789988","1.650433115","0.82626767"
"a976","0.615295231","0.888891578","1.9169866","1.017709652","1.260736482","0.943158855"
"a977","0.771600811","0.874651958","0.792052984","0.898655481","1.302915182","0.892131813"
"a978","0.518739395","0.744337562","1.766699747","0.679787676","1.114404503","1.129745415"
"a979","0.916486023","1.250294893","0.260045317","1.333762381","0.849549646","1.699966083"
"a980","0.717925215","2.107168157","0.805444093","0.997868695","1.18021789","2.798732709"
"a981","1.206501492","1.014014349","0.53020273","0.567409622","0.669518261","1.104735381"
"a982","1.295842409","0.758411949","0.906904595","0.638452163","0.558655875","0.452725244"
"a983","0.662088372","0.957717901","0.691594828","0.907974843","0.746650137","1.332597535"
"a984","0.76620204","0.831530529","0.7041665","0.866834647","0.844589269","0.708544602"
"a985","0.887284357","1.360292366","1.535091125","1.041815423","0.853396887","0.831486205"
"a986","0.912393063","1.232186682","1.085224914","1.253866025","0.472849659","0.50269055"
"a987","0.716002928","0.845697904","1.144128957","0.773972788","1.00165464","1.07214523"
"a988","1.2871844","0.765736602","0.443221214","0.17807502","0.892766631","1.043246926"
"a989","0.540816883","1.022313314","2.601696146","0.948688748","1.157325773","1.032866089"
"a990","2.59252058","1.14753719","0.923227499","1.013089944","1.082553689","0.986869213"
"a991","1.367249545","1.145741414","1.038923908","0.715289151","0.630990419","1.053255439"
"a992","1.674010893","0.921757768","0.679734826","0.54632849","0.796948534","0.497038317"
"a993","2.168686633","0.428702067","1.000252083","0.726898175","0.600095087","0.713990015"
"a994","1.916555196","0.696283699","1.53325878","0.91821237","0.637142007","0.648740362"
"a995","1.751037652","0.812739593","0.955724874","0.558177873","0.367184328","0.583308481"
"a996","1.245269957","0.888200136","1.110058681","0.775185252","0.63424282","0.608315229"
"a997","1.62400093","0.864091022","0.83506116","0.686075221","0.827405931","0.53618142"
"a998","1.144070294","0.543697455","0.778235785","0.717042348","0.647590283","0.679736185"
"a999","1.024417772","0.353504128","1.314374763","0.928902456","0.798119532","0.574076181"
"a1000","1.98556603","1.354402192","0.910895927","1.196752934","1.389671182","1.30694992"
"a1001","1.78263659","0.459104567","0.715575733","0.921601313","0.628280709","0.798019217"
"a1002","1.08869467","0.600697721","1.11814555","1.222110667","0.604615864","0.657144791"
"a1003","0.738383946","0.848707055","0.689772494","0.686135366","1.020774034","0.698674064"
"a1004","1.213261304","0.720167855","0.55103258","1.469949668","0.652513616","1.047475315"
"a1005","0.99661688","0.645575902","0.750721362","0.758906809","0.856432592","0.575850629"
"a1006","1.542366945","1.384231794","0.623486584","0.628974053","0.733695176","1.241769063"
"a1007","1.588999811","0.858169942","0.700034029","0.547679178","0.972736185","0.862788084"
"a1008","0.432414669","0.975520811","0.596547215","1.293241947","0.764911999","0.544553987"
"a1009","3.680531585","0.550305501","1.497202493","0.41603814","0.285974061","1.565449147"
"a1010","8.022907208","1.320819302","1.68593203","0.286214839","0.319064341","1.085125664"
"a1011","9.638565504","2.757134087","0.939966569","0.384478419","0.31522937","0.81856659"
"a1012","6.595002948","0.857140591","0.472494371","0.241431049","0.07332855","0.089784041"
"a1013","2.755759657","0.456382427","0.050232497","0.492285676","0.067768541","0.431467396"
"a1014","8.261495968","0.569514597","0.79544482","0.328372517","0.356943887","0.123544578"
"a1015","4.474903962","0.363243824","0.216966208","0.424301984","0.351086188","0.116607704"
"a1016","4.371982446","0.729299179","0.525697655","1.466530199","2.529803894","0.196354959"
"a1017","3.914130731","0.791706127","0.709671555","1.043205903","1.520682201","0.185148397"
"a1018","1.975750703","0.673942276","0.228770954","1.200084825","0.925873495","0.304533039"
"a1019","6.090964369","1.012784397","0.536320958","0.406512329","0.762373524","0.58145915"
"a1020","3.340623741","1.131146143","0.385688414","1.454399375","1.244978659","0.542196671"
"a1021","3.369592722","0.933597719","0.351399828","1.41102932","1.259814374","0.557126062"
"a1022","3.631873284","0.574335089","0.191190688","0.873014139","1.931956191","1.580904902"
"a1023","3.440630575","0.358252137","0.440460531","2.17231624","2.339529778","0.66397303"
"a1024","3.975777641","0.3455669","0.332771114","0.712168002","0.697739563","0.401920023"
"a1025","2.386893538","0.550071658","0.296750025","0.791167701","0.404680722","0.3660025"
"a1026","3.038707826","0.49916153","0.156937808","2.003661996","2.348482287","1.045579217"
"a1027","1.258247308","0.613289708","0.622732353","1.023878042","0.842671306","0.978919979"
"a1028","4.175339905","0.314363556","0.309478837","0.533779102","0.069910994","0.13221497"
"a1029","3.239058811","1.425672636","0.560207909","0.952225557","0.571236613","0.658768263"
"a1030","1.179439933","0.558515159","0.54229288","0.659304928","0.559691589","0.810475216"
"a1031","2.300858381","0.361985212","0.849369257","1.941371951","1.067906797","1.039084862"
"a1032","8.349022444","0.255963539","0.196185601","0.825080731","0.722917392","0.262273788"
"a1033","1.233261935","0.785072926","0.55633574","1.140322923","0.75609995","0.924552328"
"a1034","2.268614593","0.634016739","0.306988622","0.612989996","0.761976653","0.474672804"
"a1035","1.005662815","0.577180262","0.36739998","1.059922405","1.287909028","1.010167273"
"a1036","2.708896147","0.475334222","0.452937413","0.624360109","0.649067356","0.304081883"
"a1037","0.915717822","1.897032302","0.907147235","0.088871775","0.308127185","0.696903606"
"a1038","2.072837266","0.765112215","0.6631745","1.335520535","0.899062522","0.868187389"
"a1039","2.66220443","1.115763621","1.368960817","0.730067183","1.158754183","0.845363791"
"a1040","2.43949262","2.605235871","1.228906618","1.271464457","1.450289667","1.880112461"
"a1041","2.984719131","1.264195982","0.808097899","1.113120694","0.982897042","0.336380089"
"a1042","2.766686542","1.098279077","0.77750038","0.743163537","0.61686766","0.560814593"
"a1043","0.833162787","1.080395092","1.814018096","0.792106293","1.133150516","0.975068441"
"a1044","1.098669209","1.134405944","1.68930951","0.906956378","0.557781419","0.974132456"
"a1045","1.398958185","0.9925541","0.769977128","0.727426716","0.773941705","1.417677401"
"a1046","2.765480425","0.923793758","0.567898142","0.590805642","0.6113565","1.001897412"
"a1047","1.619730752","0.976661627","0.813823121","0.594105034","0.690265103","1.047442636"
"a1048","2.103349918","0.878557118","0.251651302","0.333558295","0.460875391","0.215634561"
"a1049","1.354986356","0.889641299","0.973124119","1.109251208","0.766384905","0.901209754"
"a1050","1.728009841","0.830013261","0.405106857","0.966326561","0.748354026","0.596819327"
"a1051","1.150606497","1.393955858","0.563990043","1.410428776","0.678583809","0.744897219"
"a1052","0.57349558","0.987486654","1.053125212","0.617770474","0.798795619","0.354474101"
"a1053","1.26282885","0.478785561","0.361947617","0.703735825","0.494845254","0.465262923"
"a1054","1.416176976","0.943574723","0.738126822","1.045183326","0.72048406","0.941979602"
"a1055","0.805927263","0.777745379","1.875585573","1.212599862","0.704906588","1.192868669"
"a1056","0.461561481","0.958848875","1.458514252","0.836085401","1.022286792","0.505869651"
"a1057","0.886224326","0.716927956","1.012374762","0.695431419","1.111035986","0.756785679"
"a1058","0.435173937","0.82079697","1.021833769","0.996330627","0.665183984","0.415293769"
"a1059","1.059769227","0.627004712","0.893730193","1.339201116","1.59549831","0.740930507"
"a1060","1.607854034","1.220692423","0.622562433","0.846252646","1.027952992","1.428479521"
"a1061","1.013760757","0.770543116","0.79737386","1.003512686","1.163740176","0.806966924"
"a1062","0.528998162","0.568760235","0.956747677","1.346510585","1.07736706","0.527005755"
"a1063","0.955235349","1.029940053","0.870646147","1.404176844","0.887293672","1.027149818"
"a1064","1.523871803","1.993374678","1.52625857","0.722227838","1.704493521","3.477660973"
"a1065","2.012919733","1.634309683","1.043368961","1.041658383","0.842581217","1.497836643"
"a1066","1.079708194","1.382256901","0.739993406","1.602201415","1.332793246","1.654503297"
"a1067","1.188822116","0.683354022","0.474602268","0.66756679","1.920938891","2.017296795"
"a1068","2.03987306","0.76036223","0.273380121","0.622284582","0.129595272","0.824828418"
"a1069","0.711792503","0.24591979","1.939221143","0.938018055","0.253101367","1.081616328"
"a1070","1.130133809","0.253020735","1.794896288","1.22093318","0.359219799","0.808217213"
"a1071","1.446024074","0.1591892","1.899391067","1.043409931","0.755257595","0.926910261"
"a1072","1.436890859","0.580443668","0.676989575","1.19665082","0.527374123","1.942730955"
"a1073","0.80507659","0.60514865","0.520658801","0.09981635","0.207154992","0.305616324"
"a1074","0.976709266","0.471422373","0.224992914","0.648904685","0.153344651","0.753970692"
"a1075","1.09084324","2.247258526","0.803415763","1.280590767","0.546627658","1.277379326"
"a1076","3.279177155","0.69352449","0.518552151","0.622788269","1.285640774","1.464103765"
"a1077","4.053974308","0.431695352","0.200077087","0.271067302","0.541787657","0.327939266"
"a1078","1.392477931","1.063635353","0.811567289","0.334542943","0.931551569","0.143312569"
"a1079","2.754528514","0.556903031","0.843156693","0.288196898","0.530946702","0.186198366"
"a1080","0.636325524","1.507292511","1.72771121","0.262509316","0.337076806","0.621658688"
"a1081","2.427236349","1.472740084","0.776579994","0.74070907","0.837023738","0.722739501"
"a1082","1.840706846","0.414788543","0.907487419","0.215354678","0.50943937","0.676233175"
"a1083","2.672549634","0.484442912","0.854520367","0.370546789","1.514339119","0.838856137"
"a1084","2.946324417","1.175875173","0.23145523","0.6920733","0.884576293","1.566551804"
"a1085","4.570006424","0.660651593","0.094431532","0.0979156","0.938913565","0.301376168"
"a1086","1.59139593","0.881065245","0.29856194","1.228278496","1.468537605","0.385121094"
"a1087","1.466459763","1.39108808","0.496134042","0.564231102","1.554864844","0.349653146"
"a1088","1.452332375","1.083162126","0.237380918","0.464807584","1.115500223","0.407282284"
"a1089","0.985599687","1.162242635","0.075801635","1.027224158","1.160525543","0.828635532"
"a1090","1.204624807","1.722302642","0.157292175","1.312350488","0.747280557","0.795279235"
"a1091","1.21263734","1.319060349","0.16169335","1.367805114","0.602183215","0.583339329"
"a1092","3.225127288","0.809648718","0.128567767","0.122789066","0.492981136","0.156363913"
"a1093","1.03388477","0.694559382","0.156927841","0.935043317","0.813858319","0.732335122"
"a1094","1.557811576","0.842897788","0.870597265","1.046238827","1.078244589","0.737004595"
"a1095","1.453974748","0.816270136","0.802496896","0.968600747","0.765511039","0.615850401"
"a1096","1.246417554","0.828867373","0.972579067","1.033172359","0.773369795","0.983746422"
"a1097","1.066146682","0.499239648","0.912618801","1.62052124","0.910764106","0.815888577"
"a1098","1.618703531","0.671563205","0.285074237","0.826314473","0.505518536","0.501465026"
"a1099","1.549652941","0.822160626","0.666639104","0.733016717","0.495194551","0.906701296"
"a1100","1.143383322","0.656367938","0.715644577","1.380187893","0.828829379","0.708567695"
"a1101","1.314258531","1.906846964","0.624560876","1.649224632","1.641583309","0.290022595"
"a1102","2.149417898","0.938320545","0.526910809","0.564575006","0.567886255","0.96547177"
"a1103","0.834178538","0.50287924","1.689075972","0.557202669","0.505322689","0.699879514"
